rank,distance,country_a,area_a_km2,country_b,area_b_km2
1,0.05542,Saudi Arabia,1920589,Bulgaria,112612
2,0.05628,Nigeria,907657,Ethiopia,1127093
3,0.06299,Mongolia,1564510,Honduras,112883
4,0.06498,Saudi Arabia,1920589,Ghana,238558
5,0.06507,Ghana,238558,Bulgaria,112612
6,0.06522,Ethiopia,1127093,Cambodia,180568
7,0.06630,Zimbabwe,388993,Algeria,2319284
8,0.06663,Botswana,579136,Belarus,207560
9,0.06715,Suriname,144934,Côte d'Ivoire,320867
10,0.06925,France,538334,Angola,1237945
11,0.06979,Oman,308916,Central African Rep.,618323
12,0.07011,Somaliland,167804,Oman,308916
13,0.07041,Nigeria,907657,Mauritania,1035187
14,0.07068,Mauritania,1035187,Ethiopia,1127093
15,0.07084,Uruguay,177467,Ethiopia,1127093
16,0.07084,Niger,1181195,Afghanistan,641832
17,0.07139,Somaliland,167804,Guinea,243939
18,0.07172,Uganda,241474,Libya,1623722
19,0.07176,Botswana,579136,Bolivia,1086627
20,0.07234,Uganda,241474,Romania,236340
21,0.07294,Somaliland,167804,Niger,1181195
22,0.07569,Uruguay,177467,Poland,313763
23,0.07599,Mongolia,1564510,Afghanistan,641832
24,0.07620,Niger,1181195,Guinea,243939
25,0.07648,France,538334,Côte d'Ivoire,320867
26,0.07676,Niger,1181195,Mongolia,1564510
27,0.07684,Zimbabwe,388993,Botswana,579136
28,0.07757,Kenya,592055,Angola,1237945
29,0.07770,Saudi Arabia,1920589,Chad,1266562
30,0.07790,Zimbabwe,388993,Uruguay,177467
31,0.07802,Saudi Arabia,1920589,Romania,236340
32,0.07833,Uruguay,177467,Belarus,207560
33,0.07867,Iraq,437232,Ethiopia,1127093
34,0.07940,Syria,185959,Saudi Arabia,1920589
35,0.08007,Uruguay,177467,Nigeria,907657
36,0.08070,Poland,313763,Côte d'Ivoire,320867
37,0.08094,Iraq,437232,Indonesia,528768
38,0.08217,New Zealand,149472,Nepal,146977
39,0.08232,Nigeria,907657,Iraq,437232
40,0.08248,Belarus,207560,Algeria,2319284
41,0.08253,Libya,1623722,Brazil,8418355
42,0.08265,Zimbabwe,388993,Belarus,207560
43,0.08282,Bolivia,1086627,Belarus,207560
44,0.08286,Sweden,441301,Nepal,146977
45,0.08329,Central African Rep.,618323,Burkina Faso,272627
46,0.08337,Libya,1623722,Ethiopia,1127093
47,0.08364,Tanzania,938765,Romania,236340
48,0.08382,Madagascar,592372,Honduras,112883
49,0.08384,Somalia,471542,Morocco,581746
50,0.08404,Romania,236340,Ghana,238558
51,0.08421,Côte d'Ivoire,320867,Angola,1237945
52,0.08481,Spain,494570,Dem. Rep. Congo,2324445
53,0.08552,Sudan,1856663,Poland,313763
54,0.08600,Guinea,243939,Burkina Faso,272627
55,0.08610,Uganda,241474,Ghana,238558
56,0.08637,Oman,308916,Guinea,243939
57,0.08793,Greenland,2150928,Central African Rep.,618323
58,0.08906,Guinea,243939,Central African Rep.,618323
59,0.08916,Somaliland,167804,Honduras,112883
60,0.08922,Nigeria,907657,Cambodia,180568
61,0.08930,Niger,1181195,Burkina Faso,272627
62,0.08940,Tanzania,938765,Germany,355533
63,0.08944,S. Sudan,621325,Ecuador,246415
64,0.08961,Zimbabwe,388993,Suriname,144934
65,0.08961,Uruguay,177467,Cambodia,180568
66,0.08980,Suriname,144934,Angola,1237945
67,0.08987,Romania,236340,Nigeria,907657
68,0.09024,Ethiopia,1127093,Belarus,207560
69,0.09035,Romania,236340,Bulgaria,112612
70,0.09051,Paraguay,399948,Greenland,2150928
71,0.09133,Gabon,259500,France,538334
72,0.09141,Turkmenistan,470916,Afghanistan,641832
73,0.09148,Madagascar,592372,Finland,331769
74,0.09150,Cambodia,180568,Belarus,207560
75,0.09155,Ghana,238558,Chad,1266562
76,0.09174,Uganda,241474,Ethiopia,1127093
77,0.09196,Uruguay,177467,Botswana,579136
78,0.09251,Syria,185959,Burkina Faso,272627
79,0.09259,Somaliland,167804,Central African Rep.,618323
80,0.09259,Zimbabwe,388993,Bolivia,1086627
81,0.09295,Indonesia,528768,Chad,1266562
82,0.09324,S. Sudan,621325,China,9336905
83,0.09327,Mauritania,1035187,Bolivia,1086627
84,0.09336,Uruguay,177467,Romania,236340
85,0.09379,Niger,1181195,Honduras,112883
86,0.09437,Yemen,448856,Paraguay,399948
87,0.09445,Turkey,756928,Madagascar,592372
88,0.09460,Mauritania,1035187,Cambodia,180568
89,0.09467,Botswana,579136,Algeria,2319284
90,0.09472,Cambodia,180568,Australia,7601866
91,0.09520,Turkey,756928,Mongolia,1564510
92,0.09526,Guinea,243939,Afghanistan,641832
93,0.09555,Romania,236340,Cambodia,180568
94,0.09565,Nigeria,907657,Kenya,592055
95,0.09586,Mauritania,1035187,Iraq,437232
96,0.09598,Syria,185959,Bulgaria,112612
97,0.09625,Syria,185959,Iran,1620461
98,0.09649,Syria,185959,Chad,1266562
99,0.09661,Nigeria,907657,Chad,1266562
100,0.09695,Somaliland,167804,Afghanistan,641832
101,0.09737,Yemen,448856,Central African Rep.,618323
102,0.09762,Libya,1623722,Cambodia,180568
103,0.09795,Vietnam,326748,Norway,312323
104,0.09804,Romania,236340,Ethiopia,1127093
105,0.09806,Spain,494570,Nicaragua,128749
106,0.09829,Romania,236340,Chad,1266562
107,0.09831,Chad,1266562,Bulgaria,112612
108,0.09841,Zimbabwe,388993,Nigeria,907657
109,0.09849,Uganda,241474,Nigeria,907657
110,0.09893,Libya,1623722,Ghana,238558
111,0.09918,Zimbabwe,388993,Ethiopia,1127093
112,0.09918,Zimbabwe,388993,Kenya,592055
113,0.09923,Yemen,448856,Greenland,2150928
114,0.09925,Zimbabwe,388993,Côte d'Ivoire,320867
115,0.09936,Nigeria,907657,Belarus,207560
116,0.09937,Sudan,1856663,France,538334
117,0.09998,Gabon,259500,Côte d'Ivoire,320867
118,0.10001,Mauritania,1035187,Belarus,207560
119,0.10008,Romania,236340,Poland,313763
120,0.10050,Nicaragua,128749,Algeria,2319284
121,0.10076,Syria,185959,Indonesia,528768
122,0.10083,Uganda,241474,Cambodia,180568
123,0.10141,Somaliland,167804,Mongolia,1564510
124,0.10195,Suriname,144934,France,538334
125,0.10211,Uruguay,177467,Algeria,2319284
126,0.10218,Honduras,112883,Afghanistan,641832
127,0.10238,Gabon,259500,Angola,1237945
128,0.10243,Mongolia,1564510,Madagascar,592372
129,0.10257,Ethiopia,1127093,Bolivia,1086627
130,0.10285,Poland,313763,Gabon,259500
131,0.10286,Uruguay,177467,Uganda,241474
132,0.10299,Nicaragua,128749,Bolivia,1086627
133,0.10310,Suriname,144934,Poland,313763
134,0.10321,Uruguay,177467,Kenya,592055
135,0.10327,Kenya,592055,Ethiopia,1127093
136,0.10351,Iraq,437232,Ecuador,246415
137,0.10356,Uruguay,177467,Bolivia,1086627
138,0.10359,Tanzania,938765,Saudi Arabia,1920589
139,0.10363,Poland,313763,France,538334
140,0.10365,Kenya,592055,France,538334
141,0.10366,Tanzania,938765,Ghana,238558
142,0.10371,Madagascar,592372,Argentina,2761111
143,0.10408,Tanzania,938765,Chad,1266562
144,0.10419,Uganda,241474,Kenya,592055
145,0.10424,Oman,308916,Burkina Faso,272627
146,0.10436,Côte d'Ivoire,320867,Belarus,207560
147,0.10446,Poland,313763,Nigeria,907657
148,0.10452,Niger,1181195,Central African Rep.,618323
149,0.10462,Somalia,471542,Malaysia,194612
150,0.10470,Ukraine,571764,Ecuador,246415
151,0.10471,Uruguay,177467,Libya,1623722
152,0.10475,Iran,1620461,Burkina Faso,272627
153,0.10476,Japan,227942,Eritrea,122461
154,0.10495,Saudi Arabia,1920589,Indonesia,528768
155,0.10512,Uganda,241474,Bulgaria,112612
156,0.10521,Ethiopia,1127093,Algeria,2319284
157,0.10538,Bolivia,1086627,Algeria,2319284
158,0.10555,Zimbabwe,388993,Poland,313763
159,0.10565,Iraq,437232,Chad,1266562
160,0.10574,Nicaragua,128749,Belarus,207560
161,0.10591,Chad,1266562,Burkina Faso,272627
162,0.10596,Uganda,241474,Saudi Arabia,1920589
163,0.10602,Ghana,238558,Cambodia,180568
164,0.10603,Somaliland,167804,Madagascar,592372
165,0.10621,Germany,355533,Cambodia,180568
166,0.10628,Syria,185959,Central African Rep.,618323
167,0.10632,Ethiopia,1127093,Ecuador,246415
168,0.10642,Uruguay,177467,Côte d'Ivoire,320867
169,0.10692,Dem. Rep. Congo,2324445,Algeria,2319284
170,0.10693,Poland,313763,Cambodia,180568
171,0.10717,Oman,308916,Greenland,2150928
172,0.10725,Nigeria,907657,Indonesia,528768
173,0.10745,Uganda,241474,Poland,313763
174,0.10754,Sudan,1856663,Côte d'Ivoire,320867
175,0.10756,Indonesia,528768,Ethiopia,1127093
176,0.10770,Poland,313763,Ethiopia,1127093
177,0.10777,Turkey,756928,Honduras,112883
178,0.10808,Suriname,144934,Algeria,2319284
179,0.10830,Nigeria,907657,Libya,1623722
180,0.10836,Côte d'Ivoire,320867,Algeria,2319284
181,0.10865,Nicaragua,128749,Botswana,579136
182,0.10870,Yemen,448856,Oman,308916
183,0.10880,Uruguay,177467,Mauritania,1035187
184,0.10896,Finland,331769,Argentina,2761111
185,0.10905,South Africa,1249804,Niger,1181195
186,0.10925,France,538334,Ethiopia,1127093
187,0.10934,Libya,1623722,Kenya,592055
188,0.10941,Tunisia,156035,Finland,331769
189,0.10969,Sudan,1856663,Gabon,259500
190,0.10980,Ethiopia,1127093,Botswana,579136
191,0.11018,Ecuador,246415,China,9336905
192,0.11037,Uganda,241474,Colombia,1134360
193,0.11056,Poland,313763,Angola,1237945
194,0.11066,Suriname,144934,Kenya,592055
195,0.11069,Zimbabwe,388993,Mauritania,1035187
196,0.11075,France,538334,Algeria,2319284
197,0.11079,Madagascar,592372,Benin,116105
198,0.11083,Nicaragua,128749,Dem. Rep. Congo,2324445
199,0.11088,Nigeria,907657,Bolivia,1086627
200,0.11094,Yemen,448856,Somaliland,167804
201,0.11097,Mauritania,1035187,Indonesia,528768
202,0.11105,Morocco,581746,Malaysia,194612
203,0.11128,North Korea,122582,Benin,116105
204,0.11149,Indonesia,528768,Brazil,8418355
205,0.11162,Turkmenistan,470916,Niger,1181195
206,0.11172,Romania,236340,Libya,1623722
207,0.11176,Somaliland,167804,Burkina Faso,272627
208,0.11181,Oman,308916,Niger,1181195
209,0.11228,Turkmenistan,470916,Tunisia,156035
210,0.11231,Saudi Arabia,1920589,Burkina Faso,272627
211,0.11253,Poland,313763,Belarus,207560
212,0.11257,Saudi Arabia,1920589,Iran,1620461
213,0.11274,Zimbabwe,388993,France,538334
214,0.11278,Iraq,437232,Cambodia,180568
215,0.11281,Spain,494570,Algeria,2319284
216,0.11360,Iran,1620461,Bulgaria,112612
217,0.11361,Mauritania,1035187,Ecuador,246415
218,0.11377,Ethiopia,1127093,Brazil,8418355
219,0.11381,Romania,236340,Germany,355533
220,0.11383,Madagascar,592372,Afghanistan,641832
221,0.11385,Yemen,448856,Niger,1181195
222,0.11387,Uruguay,177467,Suriname,144934
223,0.11398,S. Sudan,621325,Ethiopia,1127093
224,0.11410,Mauritania,1035187,Botswana,579136
225,0.11412,Sudan,1856663,Nigeria,907657
226,0.11413,Nicaragua,128749,Ethiopia,1127093
227,0.11419,Nigeria,907657,France,538334
228,0.11441,Iraq,437232,Brazil,8418355
229,0.11448,Zimbabwe,388993,Angola,1237945
230,0.11486,Turkey,756928,Afghanistan,641832
231,0.11488,Tanzania,938765,Nigeria,907657
232,0.11498,Niger,1181195,Madagascar,592372
233,0.11503,Mauritania,1035187,Algeria,2319284
234,0.11503,S. Sudan,621325,Mauritania,1035187
235,0.11517,Greenland,2150928,Burkina Faso,272627
236,0.11525,Turkmenistan,470916,Mongolia,1564510
237,0.11525,Yemen,448856,Turkey,756928
238,0.11538,Guinea,243939,Greenland,2150928
239,0.11546,Honduras,112883,Finland,331769
240,0.11552,Oman,308916,Honduras,112883
241,0.11553,Iran,1620461,Ghana,238558
242,0.11565,Romania,236340,Mauritania,1035187
243,0.11568,Sudan,1856663,Angola,1237945
244,0.11578,Uganda,241474,Tanzania,938765
245,0.11602,Yemen,448856,Guinea,243939
246,0.11676,Sweden,441301,Somalia,471542
247,0.11680,S. Sudan,621325,Iraq,437232
248,0.11680,South Africa,1249804,Burkina Faso,272627
249,0.11685,Romania,236340,Kenya,592055
250,0.11689,Ghana,238558,Ethiopia,1127093
251,0.11736,Tanzania,938765,Bulgaria,112612
252,0.11738,Nigeria,907657,Ecuador,246415
253,0.11739,Saudi Arabia,1920589,Nigeria,907657
254,0.11740,Suriname,144934,Belarus,207560
255,0.11761,Kenya,592055,Côte d'Ivoire,320867
256,0.11767,Uganda,241474,Sudan,1856663
257,0.11773,Germany,355533,Chad,1266562
258,0.11782,Yemen,448856,Guyana,211023
259,0.11810,Nigeria,907657,Algeria,2319284
260,0.11824,Poland,313763,Kenya,592055
261,0.11825,Uruguay,177467,France,538334
262,0.11829,Cambodia,180568,Bolivia,1086627
263,0.11840,Kenya,592055,Belarus,207560
264,0.11847,Syria,185959,Ghana,238558
265,0.11848,Indonesia,528768,Bulgaria,112612
266,0.11880,Syria,185959,Niger,1181195
267,0.11894,Pakistan,872782,North Korea,122582
268,0.11924,Indonesia,528768,Burkina Faso,272627
269,0.11931,Ethiopia,1127093,Chad,1266562
270,0.11936,Syria,185959,Romania,236340
271,0.11939,Uruguay,177467,Tanzania,938765
272,0.11954,United States of America,7930927,Peru,1291023
273,0.11957,Ghana,238558,Germany,355533
274,0.11966,Chad,1266562,Cambodia,180568
275,0.11974,Libya,1623722,Bulgaria,112612
276,0.11978,Libya,1623722,Iraq,437232
277,0.11991,Somaliland,167804,Benin,116105
278,0.12004,Ghana,238558,Burkina Faso,272627
279,0.12011,Iran,1620461,Central African Rep.,618323
280,0.12013,Guyana,211023,Greenland,2150928
281,0.12019,Turkey,756928,Benin,116105
282,0.12030,Cambodia,180568,Botswana,579136
283,0.12053,Mauritania,1035187,Kenya,592055
284,0.12083,Nigeria,907657,Ghana,238558
285,0.12086,Laos,228233,Italy,251034
286,0.12092,Sudan,1856663,Ethiopia,1127093
287,0.12095,Nicaragua,128749,Mauritania,1035187
288,0.12130,Greenland,2150928,Chad,1266562
289,0.12130,Saudi Arabia,1920589,Ethiopia,1127093
290,0.12133,Burkina Faso,272627,Bulgaria,112612
291,0.12140,Yemen,448856,Madagascar,592372
292,0.12141,Romania,236340,Belarus,207560
293,0.12156,Indonesia,528768,Ghana,238558
294,0.12178,Uruguay,177467,Sudan,1856663
295,0.12187,Pakistan,872782,Benin,116105
296,0.12204,Uganda,241474,Chad,1266562
297,0.12204,Saudi Arabia,1920589,Cambodia,180568
298,0.12205,Tanzania,938765,Iran,1620461
299,0.12216,Yemen,448856,Afghanistan,641832
300,0.12238,Indonesia,528768,Cambodia,180568
301,0.12244,Nigeria,907657,Côte d'Ivoire,320867
302,0.12260,Tunisia,156035,Madagascar,592372
303,0.12262,Honduras,112883,Central African Rep.,618323
304,0.12274,Suriname,144934,Gabon,259500
305,0.12278,Zimbabwe,388993,Dem. Rep. Congo,2324445
306,0.12279,Uruguay,177467,Iraq,437232
307,0.12280,Nigeria,907657,Botswana,579136
308,0.12287,United States of America,7930927,Ukraine,571764
309,0.12288,Nicaragua,128749,Iraq,437232
310,0.12294,Yemen,448856,Benin,116105
311,0.12302,Libya,1623722,France,538334
312,0.12306,France,538334,Cambodia,180568
313,0.12308,Kenya,592055,Botswana,579136
314,0.12311,Mauritania,1035187,Dem. Rep. Congo,2324445
315,0.12314,South Africa,1249804,Colombia,1134360
316,0.12318,Iran,1620461,Chad,1266562
317,0.12324,Suriname,144934,Botswana,579136
318,0.12325,Poland,313763,Botswana,579136
319,0.12327,Tanzania,938765,Poland,313763
320,0.12339,Mongolia,1564510,Guinea,243939
321,0.12341,Saudi Arabia,1920589,Libya,1623722
322,0.12344,Angola,1237945,Algeria,2319284
323,0.12361,Paraguay,399948,Central African Rep.,618323
324,0.12365,Central African Rep.,618323,Afghanistan,641832
325,0.12376,Iraq,437232,Bolivia,1086627
326,0.12377,Cambodia,180568,Brazil,8418355
327,0.12381,Somalia,471542,Nepal,146977
328,0.12387,Uganda,241474,South Africa,1249804
329,0.12387,Syria,185959,Nigeria,907657
330,0.12396,Yemen,448856,Burkina Faso,272627
331,0.12415,France,538334,Belarus,207560
332,0.12432,Uganda,241474,Germany,355533
333,0.12439,Yemen,448856,Mongolia,1564510
334,0.12467,Poland,313763,Germany,355533
335,0.12478,Malaysia,194612,Malawi,119162
336,0.12478,Paraguay,399948,Oman,308916
337,0.12486,Poland,313763,Libya,1623722
338,0.12497,Tanzania,938765,Cambodia,180568
339,0.12501,Niger,1181195,Iran,1620461
340,0.12502,Sweden,441301,New Zealand,149472
341,0.12514,Oman,308916,Benin,116105
342,0.12520,Ghana,238558,Brazil,8418355
343,0.12524,Central African Rep.,618323,Benin,116105
344,0.12548,Cambodia,180568,Bulgaria,112612
345,0.12560,Yemen,448856,Honduras,112883
346,0.12572,Nigeria,907657,Germany,355533
347,0.12577,S. Sudan,621325,Dem. Rep. Congo,2324445
348,0.12577,South Africa,1249804,Chad,1266562
349,0.12582,Syria,185959,Iraq,437232
350,0.12589,Zimbabwe,388993,Nicaragua,128749
351,0.12592,Saudi Arabia,1920589,Iraq,437232
352,0.12597,Uganda,241474,Iran,1620461
353,0.12624,Honduras,112883,Argentina,2761111
354,0.12638,Uruguay,177467,Angola,1237945
355,0.12640,Turkmenistan,470916,Madagascar,592372
356,0.12649,Romania,236340,Colombia,1134360
357,0.12661,Tunisia,156035,Afghanistan,641832
358,0.12666,Nigeria,907657,Angola,1237945
359,0.12666,Colombia,1134360,Bulgaria,112612
360,0.12677,Syria,185959,Colombia,1134360
361,0.12681,Pakistan,872782,Central African Rep.,618323
362,0.12682,Libya,1623722,Australia,7601866
363,0.12683,Spain,494570,Ethiopia,1127093
364,0.12695,Kenya,592055,Colombia,1134360
365,0.12706,South Africa,1249804,Romania,236340
366,0.12716,Sudan,1856663,Libya,1623722
367,0.12722,Ethiopia,1127093,Australia,7601866
368,0.12726,S. Sudan,621325,Nigeria,907657
369,0.12739,Uruguay,177467,Ghana,238558
370,0.12758,Zimbabwe,388993,Cambodia,180568
371,0.12766,Laos,228233,Benin,116105
372,0.12767,Kenya,592055,Algeria,2319284
373,0.12768,Tunisia,156035,Mongolia,1564510
374,0.12781,Turkmenistan,470916,Honduras,112883
375,0.12792,Honduras,112883,Guinea,243939
376,0.12810,Turkey,756928,Tunisia,156035
377,0.12815,Cambodia,180568,Algeria,2319284
378,0.12832,Côte d'Ivoire,320867,Botswana,579136
379,0.12842,Uganda,241474,Syria,185959
380,0.12844,South Africa,1249804,Guinea,243939
381,0.12846,Brazil,8418355,Australia,7601866
382,0.12855,Côte d'Ivoire,320867,Cambodia,180568
383,0.12856,Ethiopia,1127093,Côte d'Ivoire,320867
384,0.12874,Iraq,437232,Belarus,207560
385,0.12875,Turkey,756928,Niger,1181195
386,0.12885,Dem. Rep. Congo,2324445,Bolivia,1086627
387,0.12886,Honduras,112883,Benin,116105
388,0.12916,Mauritania,1035187,China,9336905
389,0.12916,North Korea,122582,Central African Rep.,618323
390,0.12933,Nigeria,907657,Colombia,1134360
391,0.12941,Sudan,1856663,Cambodia,180568
392,0.12944,Iran,1620461,Colombia,1134360
393,0.12955,Uganda,241474,Mauritania,1035187
394,0.12964,Uganda,241474,Brazil,8418355
395,0.12965,Uganda,241474,France,538334
396,0.13001,Romania,236340,Iraq,437232
397,0.13001,Turkmenistan,470916,Argentina,2761111
398,0.13006,Mauritania,1035187,Chad,1266562
399,0.13026,Libya,1623722,Chad,1266562
400,0.13048,Bulgaria,112612,Brazil,8418355
401,0.13052,South Africa,1249804,Iran,1620461
402,0.13098,Saudi Arabia,1920589,Central African Rep.,618323
403,0.13103,Chad,1266562,Central African Rep.,618323
404,0.13111,Romania,236340,Bolivia,1086627
405,0.13116,Romania,236340,Iran,1620461
406,0.13123,Ethiopia,1127093,Angola,1237945
407,0.13129,Uruguay,177467,Saudi Arabia,1920589
408,0.13139,Poland,313763,Algeria,2319284
409,0.13142,Ethiopia,1127093,Dem. Rep. Congo,2324445
410,0.13145,Romania,236340,Botswana,579136
411,0.13157,Venezuela,908879,Syria,185959
412,0.13166,Mongolia,1564510,Central African Rep.,618323
413,0.13191,Mongolia,1564510,Finland,331769
414,0.13207,Saudi Arabia,1920589,Brazil,8418355
415,0.13243,Turkey,756928,Finland,331769
416,0.13254,Russia,16530760,Congo,345333
417,0.13258,Ecuador,246415,Cambodia,180568
418,0.13266,Saudi Arabia,1920589,Greenland,2150928
419,0.13272,Mauritania,1035187,France,538334
420,0.13272,Uruguay,177467,Nicaragua,128749
421,0.13278,Burkina Faso,272627,Afghanistan,641832
422,0.13285,Nicaragua,128749,Cambodia,180568
423,0.13286,Spain,494570,Iraq,437232
424,0.13294,Chad,1266562,Brazil,8418355
425,0.13301,Nigeria,907657,Bulgaria,112612
426,0.13332,Kenya,592055,Bolivia,1086627
427,0.13336,Uganda,241474,Angola,1237945
428,0.13341,Sudan,1856663,Romania,236340
429,0.13352,Syria,185959,South Africa,1249804
430,0.13386,Syria,185959,Guinea,243939
431,0.13402,Somaliland,167804,Greenland,2150928
432,0.13415,Ethiopia,1127093,Bulgaria,112612
433,0.13423,Romania,236340,Burkina Faso,272627
434,0.13426,Libya,1623722,Indonesia,528768
435,0.13427,Libya,1623722,Ecuador,246415
436,0.13435,Somalia,471542,New Zealand,149472
437,0.13438,Uruguay,177467,Gabon,259500
438,0.13458,Yemen,448856,Iran,1620461
439,0.13484,Guyana,211023,Central African Rep.,618323
440,0.13492,Sudan,1856663,Kenya,592055
441,0.13500,Belarus,207560,Angola,1237945
442,0.13502,New Zealand,149472,Malawi,119162
443,0.13514,Uzbekistan,447617,Argentina,2761111
444,0.13534,Uganda,241474,Iraq,437232
445,0.13547,Kenya,592055,Cambodia,180568
446,0.13560,Poland,313763,Mauritania,1035187
447,0.13560,Guinea,243939,Chad,1266562
448,0.13561,Nigeria,907657,Gabon,259500
449,0.13581,Romania,236340,Indonesia,528768
450,0.13583,South Africa,1249804,Ecuador,246415
451,0.13587,South Africa,1249804,Afghanistan,641832
452,0.13588,Libya,1623722,Belarus,207560
453,0.13606,Libya,1623722,Angola,1237945
454,0.13611,Tunisia,156035,Honduras,112883
455,0.13621,Ukraine,571764,South Africa,1249804
456,0.13629,Suriname,144934,Nigeria,907657
457,0.13635,South Africa,1249804,Germany,355533
458,0.13647,Mauritania,1035187,Libya,1623722
459,0.13658,Turkmenistan,470916,Guinea,243939
460,0.13659,Uganda,241474,Burkina Faso,272627
461,0.13660,S. Sudan,621325,Spain,494570
462,0.13665,Nigeria,907657,Brazil,8418355
463,0.13675,Oman,308916,Madagascar,592372
464,0.13680,South Africa,1249804,Nigeria,907657
465,0.13681,Turkey,756928,Somaliland,167804
466,0.13687,Pakistan,872782,Oman,308916
467,0.13727,Gabon,259500,Algeria,2319284
468,0.13728,Iraq,437232,Algeria,2319284
469,0.13740,Turkmenistan,470916,Somaliland,167804
470,0.13746,Gabon,259500,Ethiopia,1127093
471,0.13765,Uganda,241474,Ecuador,246415
472,0.13765,Syria,185959,Ethiopia,1127093
473,0.13785,Kenya,592055,Gabon,259500
474,0.13788,Oman,308916,Mongolia,1564510
475,0.13794,Uganda,241474,Gabon,259500
476,0.13818,Tanzania,938765,Ethiopia,1127093
477,0.13818,Ghana,238558,Greenland,2150928
478,0.13819,Kenya,592055,Ghana,238558
479,0.13825,Indonesia,528768,Central African Rep.,618323
480,0.13827,S. Sudan,621325,Bolivia,1086627
481,0.13852,Paraguay,399948,Guinea,243939
482,0.13863,Indonesia,528768,Ecuador,246415
483,0.13863,Tanzania,938765,Syria,185959
484,0.13872,Central African Rep.,618323,Bulgaria,112612
485,0.13915,Oman,308916,Afghanistan,641832
486,0.13924,Mauritania,1035187,Colombia,1134360
487,0.13945,Saudi Arabia,1920589,Mauritania,1035187
488,0.13955,Belarus,207560,Australia,7601866
489,0.13959,Madagascar,592372,Central African Rep.,618323
490,0.13960,France,538334,Botswana,579136
491,0.13966,India,3141579,China,9336905
492,0.13968,Iraq,437232,Dem. Rep. Congo,2324445
493,0.13990,Kenya,592055,Bulgaria,112612
494,0.14012,Uruguay,177467,Chad,1266562
495,0.14028,Syria,185959,Mauritania,1035187
496,0.14061,Iraq,437232,China,9336905
497,0.14061,Germany,355533,Bulgaria,112612
498,0.14063,Somaliland,167804,Finland,331769
499,0.14063,Zimbabwe,388993,Romania,236340
500,0.14070,Turkey,756928,Argentina,2761111
501,0.14086,Niger,1181195,Chad,1266562
502,0.14090,Turkey,756928,New Zealand,149472
503,0.14120,Mauritania,1035187,Brazil,8418355
504,0.14122,Germany,355533,Ethiopia,1127093
505,0.14134,Poland,313763,Ghana,238558
506,0.14141,Botswana,579136,Angola,1237945
507,0.14143,Ghana,238558,Belarus,207560
508,0.14163,S. Sudan,621325,Libya,1623722
509,0.14170,Sweden,441301,Malaysia,194612
510,0.14171,Argentina,2761111,Afghanistan,641832
511,0.14185,Madagascar,592372,Guinea,243939
512,0.14191,Germany,355533,Gabon,259500
513,0.14194,Cambodia,180568,Burkina Faso,272627
514,0.14198,Tanzania,938765,Belarus,207560
515,0.14205,Venezuela,908879,Iraq,437232
516,0.14207,Zimbabwe,388993,Sudan,1856663
517,0.14214,Zimbabwe,388993,Gabon,259500
518,0.14219,Ghana,238558,Colombia,1134360
519,0.14222,Oman,308916,Mali,1254117
520,0.14233,Suriname,144934,Sudan,1856663
521,0.14235,Niger,1181195,Greenland,2150928
522,0.14237,Benin,116105,Argentina,2761111
523,0.14249,Colombia,1134360,Chad,1266562
524,0.14257,Thailand,512543,Philippines,105018
525,0.14267,Indonesia,528768,Belarus,207560
526,0.14268,Saudi Arabia,1920589,Germany,355533
527,0.14269,Poland,313763,Bolivia,1086627
528,0.14272,Gabon,259500,Cambodia,180568
529,0.14290,Indonesia,528768,Greenland,2150928
530,0.14290,S. Sudan,621325,Cambodia,180568
531,0.14295,Saudi Arabia,1920589,Colombia,1134360
532,0.14302,Tanzania,938765,Colombia,1134360
533,0.14308,Somaliland,167804,Pakistan,872782
534,0.14310,Mauritania,1035187,Angola,1237945
535,0.14316,Nicaragua,128749,Australia,7601866
536,0.14326,Syria,185959,Somaliland,167804
537,0.14339,S. Sudan,621325,Brazil,8418355
538,0.14339,Spain,494570,Brazil,8418355
539,0.14340,Uruguay,177467,Germany,355533
540,0.14348,Tanzania,938765,South Africa,1249804
541,0.14357,France,538334,Australia,7601866
542,0.14358,Somaliland,167804,Argentina,2761111
543,0.14358,Finland,331769,Afghanistan,641832
544,0.14362,Germany,355533,Colombia,1134360
545,0.14363,Kenya,592055,Brazil,8418355
546,0.14371,Turkmenistan,470916,South Africa,1249804
547,0.14378,Peru,1291023,Guinea,243939
548,0.14379,Zimbabwe,388993,Iraq,437232
549,0.14383,Spain,494570,Mauritania,1035187
550,0.14386,Iraq,437232,Ghana,238558
551,0.14392,Saudi Arabia,1920589,Kenya,592055
552,0.14395,Germany,355533,Côte d'Ivoire,320867
553,0.14401,Nigeria,907657,Nicaragua,128749
554,0.14411,Mongolia,1564510,Burkina Faso,272627
555,0.14441,Paraguay,399948,Burkina Faso,272627
556,0.14450,Turkmenistan,470916,Finland,331769
557,0.14472,Chad,1266562,Belarus,207560
558,0.14485,South Africa,1249804,Saudi Arabia,1920589
559,0.14496,Greenland,2150928,Bulgaria,112612
560,0.14498,Malawi,119162,Laos,228233
561,0.14505,Saudi Arabia,1920589,Belarus,207560
562,0.14509,S. Sudan,621325,Namibia,822543
563,0.14509,Sudan,1856663,Mauritania,1035187
564,0.14520,Uruguay,177467,Bulgaria,112612
565,0.14522,Kenya,592055,Iraq,437232
566,0.14527,Romania,236340,Brazil,8418355
567,0.14532,Uganda,241474,Indonesia,528768
568,0.14536,Saudi Arabia,1920589,Niger,1181195
569,0.14550,France,538334,Dem. Rep. Congo,2324445
570,0.14554,Romania,236340,France,538334
571,0.14556,Uganda,241474,Belarus,207560
572,0.14556,Finland,331769,Benin,116105
573,0.14562,Ethiopia,1127093,Colombia,1134360
574,0.14566,Mongolia,1564510,Argentina,2761111
575,0.14570,Syria,185959,Libya,1623722
576,0.14575,Mauritania,1035187,Côte d'Ivoire,320867
577,0.14592,Sudan,1856663,Germany,355533
578,0.14605,Ecuador,246415,Brazil,8418355
579,0.14608,Libya,1623722,Côte d'Ivoire,320867
580,0.14614,Libya,1623722,Colombia,1134360
581,0.14625,S. Sudan,621325,Indonesia,528768
582,0.14655,Dem. Rep. Congo,2324445,Botswana,579136
583,0.14664,Zimbabwe,388993,Spain,494570
584,0.14671,Guyana,211023,Benin,116105
585,0.14678,Yemen,448856,Tunisia,156035
586,0.14683,Somaliland,167804,Peru,1291023
587,0.14687,Iran,1620461,Germany,355533
588,0.14689,Gabon,259500,Belarus,207560
589,0.14691,Indonesia,528768,Bolivia,1086627
590,0.14692,Iraq,437232,Burkina Faso,272627
591,0.14692,Nigeria,907657,Dem. Rep. Congo,2324445
592,0.14697,Romania,236340,Côte d'Ivoire,320867
593,0.14707,Pakistan,872782,Greenland,2150928
594,0.14737,Indonesia,528768,China,9336905
595,0.14737,Peru,1291023,Oman,308916
596,0.14743,Benin,116105,Afghanistan,641832
597,0.14743,Mauritania,1035187,Bulgaria,112612
598,0.14744,Ethiopia,1127093,China,9336905
599,0.14746,Nepal,146977,Morocco,581746
600,0.14746,Syria,185959,Brazil,8418355
601,0.14749,Spain,494570,Bolivia,1086627
602,0.14754,Syria,185959,Afghanistan,641832
603,0.14758,Libya,1623722,Gabon,259500
604,0.14759,Syria,185959,Oman,308916
605,0.14762,Somalia,471542,Malawi,119162
606,0.14778,Uruguay,177467,Brazil,8418355
607,0.14792,Turkmenistan,470916,Turkey,756928
608,0.14792,Guyana,211023,Afghanistan,641832
609,0.14793,Colombia,1134360,Angola,1237945
610,0.14795,Spain,494570,Ecuador,246415
611,0.14816,Syria,185959,Greenland,2150928
612,0.14838,Laos,228233,Japan,227942
613,0.14838,Peru,1291023,Papua New Guinea,399427
614,0.14853,Pakistan,872782,Honduras,112883
615,0.14868,Indonesia,528768,Guinea,243939
616,0.14870,Germany,355533,Belarus,207560
617,0.14872,Libya,1623722,Germany,355533
618,0.14882,Zimbabwe,388993,Libya,1623722
619,0.14886,Syria,185959,Cambodia,180568
620,0.14894,Germany,355533,Burkina Faso,272627
621,0.14910,Tunisia,156035,Niger,1181195
622,0.14912,Suriname,144934,Ethiopia,1127093
623,0.14913,Honduras,112883,Burkina Faso,272627
624,0.14917,Iraq,437232,Bulgaria,112612
625,0.14922,Philippines,105018,Papua New Guinea,399427
626,0.14922,Somaliland,167804,Cameroon,463871
627,0.14925,Australia,7601866,Algeria,2319284
628,0.14928,New Zealand,149472,Morocco,581746
629,0.14933,Turkmenistan,470916,Central African Rep.,618323
630,0.14935,Pakistan,872782,Cameroon,463871
631,0.14936,Suriname,144934,Bolivia,1086627
632,0.14947,Guatemala,108101,Australia,7601866
633,0.14953,Iraq,437232,Australia,7601866
634,0.14956,Italy,251034,Myanmar,657126
635,0.14980,Uganda,241474,Côte d'Ivoire,320867
636,0.14996,Brazil,8418355,Belarus,207560
637,0.15005,Venezuela,908879,Indonesia,528768
638,0.15015,Syria,185959,Ecuador,246415
639,0.15015,Côte d'Ivoire,320867,Bolivia,1086627
640,0.15031,Sudan,1856663,Ecuador,246415
641,0.15047,Ecuador,246415,Burkina Faso,272627
642,0.15054,Ghana,238558,Central African Rep.,618323
643,0.15075,Pakistan,872782,Guinea,243939
644,0.15081,South Africa,1249804,Bulgaria,112612
645,0.15082,South Africa,1249804,Ghana,238558
646,0.15089,Mauritania,1035187,Ghana,238558
647,0.15089,Bulgaria,112612,Belarus,207560
648,0.15093,Greenland,2150928,Benin,116105
649,0.15108,Tunisia,156035,Argentina,2761111
650,0.15127,Iran,1620461,Guinea,243939
651,0.15131,Spain,494570,Botswana,579136
652,0.15132,Turkey,756928,Guyana,211023
653,0.15133,Saudi Arabia,1920589,Bolivia,1086627
654,0.15134,Cambodia,180568,Angola,1237945
655,0.15146,Sweden,441301,Finland,331769
656,0.15147,Kenya,592055,Chad,1266562
657,0.15150,Zimbabwe,388993,Uganda,241474
658,0.15153,Namibia,822543,China,9336905
659,0.15163,Iraq,437232,Botswana,579136
660,0.15164,Greenland,2150928,Afghanistan,641832
661,0.15165,New Zealand,149472,Benin,116105
662,0.15178,Romania,236340,Gabon,259500
663,0.15179,Nigeria,907657,Burkina Faso,272627
664,0.15184,Spain,494570,Belarus,207560
665,0.15185,Oman,308916,North Korea,122582
666,0.15190,France,538334,Ecuador,246415
667,0.15190,Burkina Faso,272627,Brazil,8418355
668,0.15206,France,538334,Bolivia,1086627
669,0.15207,Tanzania,938765,Mauritania,1035187
670,0.15218,Nepal,146977,Finland,331769
671,0.15224,Libya,1623722,Algeria,2319284
672,0.15228,Uzbekistan,447617,Myanmar,657126
673,0.15229,Germany,355533,France,538334
674,0.15231,Ecuador,246415,Dem. Rep. Congo,2324445
675,0.15234,Colombia,1134360,Burkina Faso,272627
676,0.15234,Malawi,119162,Italy,251034
677,0.15248,Mauritania,1035187,Germany,355533
678,0.15248,Mongolia,1564510,Benin,116105
679,0.15253,Dem. Rep. Congo,2324445,Belarus,207560
680,0.15257,Mongolia,1564510,Iran,1620461
681,0.15262,Iraq,437232,Guatemala,108101
682,0.15263,Romania,236340,Angola,1237945
683,0.15273,Malaysia,194612,Italy,251034
684,0.15284,Saudi Arabia,1920589,Guinea,243939
685,0.15286,Tanzania,938765,Libya,1623722
686,0.15295,Colombia,1134360,Cambodia,180568
687,0.15303,Libya,1623722,Burkina Faso,272627
688,0.15311,North Korea,122582,Honduras,112883
689,0.15323,Ethiopia,1127093,Burkina Faso,272627
690,0.15324,Guinea,243939,Benin,116105
691,0.15335,New Zealand,149472,Laos,228233
692,0.15341,Iran,1620461,Afghanistan,641832
693,0.15344,Ukraine,571764,Peru,1291023
694,0.15345,Uruguay,177467,Australia,7601866
695,0.15349,South Africa,1249804,Mongolia,1564510
696,0.15351,Mauritania,1035187,Australia,7601866
697,0.15361,Turkey,756928,North Korea,122582
698,0.15367,Spain,494570,Australia,7601866
699,0.15373,Uzbekistan,447617,United Kingdom,216959
700,0.15375,North Korea,122582,Madagascar,592372
701,0.15375,Morocco,581746,Malawi,119162
702,0.15376,Uruguay,177467,S. Sudan,621325
703,0.15389,New Zealand,149472,Madagascar,592372
704,0.15390,France,538334,Colombia,1134360
705,0.15391,Spain,494570,Libya,1623722
706,0.15391,South Africa,1249804,Mauritania,1035187
707,0.15395,Tunisia,156035,Guyana,211023
708,0.15399,Spain,494570,France,538334
709,0.15399,Venezuela,908879,Chad,1266562
710,0.15419,Tanzania,938765,Burkina Faso,272627
711,0.15423,Paraguay,399948,Guyana,211023
712,0.15434,Uruguay,177467,Ecuador,246415
713,0.15445,Tunisia,156035,Somaliland,167804
714,0.15450,Tanzania,938765,Kenya,592055
715,0.15453,New Zealand,149472,Malaysia,194612
716,0.15453,Kenya,592055,Indonesia,528768
717,0.15460,Uzbekistan,447617,Italy,251034
718,0.15461,Poland,313763,Chad,1266562
719,0.15464,South Africa,1249804,Ethiopia,1127093
720,0.15476,Uruguay,177467,Indonesia,528768
721,0.15490,Iraq,437232,France,538334
722,0.15500,Yemen,448856,Chad,1266562
723,0.15507,Syria,185959,S. Sudan,621325
724,0.15507,Italy,251034,Finland,331769
725,0.15541,Mauritania,1035187,Gabon,259500
726,0.15565,Laos,228233,Finland,331769
727,0.15565,Guatemala,108101,Ecuador,246415
728,0.15566,Kenya,592055,Dem. Rep. Congo,2324445
729,0.15569,Iran,1620461,Greenland,2150928
730,0.15570,S. Sudan,621325,Nicaragua,128749
731,0.15574,Spain,494570,Namibia,822543
732,0.15577,Nicaragua,128749,Brazil,8418355
733,0.15586,Poland,313763,Australia,7601866
734,0.15596,Ecuador,246415,Colombia,1134360
735,0.15600,Venezuela,908879,Saudi Arabia,1920589
736,0.15602,Laos,228233,Eritrea,122461
737,0.15622,Nigeria,907657,Australia,7601866
738,0.15623,Oman,308916,Finland,331769
739,0.15625,United Kingdom,216959,Congo,345333
740,0.15633,South Africa,1249804,Iraq,437232
741,0.15641,Uganda,241474,Botswana,579136
742,0.15649,Côte d'Ivoire,320867,Australia,7601866
743,0.15650,United States of America,7930927,Ecuador,246415
744,0.15662,New Zealand,149472,Finland,331769
745,0.15685,Sweden,441301,Morocco,581746
746,0.15690,Uganda,241474,Australia,7601866
747,0.15692,S. Sudan,621325,Kenya,592055
748,0.15693,Libya,1623722,Iran,1620461
749,0.15694,Mali,1254117,Central African Rep.,618323
750,0.15698,Mali,1254117,Burkina Faso,272627
751,0.15703,Yemen,448856,Finland,331769
752,0.15713,Indonesia,528768,Colombia,1134360
753,0.15714,Germany,355533,Australia,7601866
754,0.15720,Nigeria,907657,Iran,1620461
755,0.15787,Somaliland,167804,Paraguay,399948
756,0.15787,Turkey,756928,Nepal,146977
757,0.15813,Iran,1620461,Honduras,112883
758,0.15833,Finland,331769,Myanmar,657126
759,0.15835,Guinea,243939,Cameroon,463871
760,0.15851,Papua New Guinea,399427,Mozambique,788286
761,0.15852,Uruguay,177467,Spain,494570
762,0.15853,South Africa,1249804,Central African Rep.,618323
763,0.15853,Romania,236340,Ecuador,246415
764,0.15859,Sudan,1856663,Algeria,2319284
765,0.15881,Syria,185959,Kenya,592055
766,0.15887,Turkmenistan,470916,Burkina Faso,272627
767,0.15893,Niger,1181195,Benin,116105
768,0.15894,Ukraine,571764,China,9336905
769,0.15897,Uganda,241474,S. Sudan,621325
770,0.15902,Chad,1266562,Afghanistan,641832
771,0.15919,Libya,1623722,Botswana,579136
772,0.15920,Oman,308916,Cameroon,463871
773,0.15929,Zimbabwe,388993,S. Sudan,621325
774,0.15934,Iran,1620461,Indonesia,528768
775,0.15939,Paraguay,399948,Niger,1181195
776,0.15941,Suriname,144934,Romania,236340
777,0.15943,Turkey,756928,Central African Rep.,618323
778,0.15944,Italy,251034,Benin,116105
779,0.15955,Ghana,238558,Australia,7601866
780,0.15959,Nepal,146977,Malaysia,194612
781,0.15961,Venezuela,908879,Mauritania,1035187
782,0.15968,S. Sudan,621325,Algeria,2319284
783,0.15974,Syria,185959,Mongolia,1564510
784,0.15979,South Africa,1249804,Indonesia,528768
785,0.15981,Ecuador,246415,Chad,1266562
786,0.15982,Turkey,756928,Guinea,243939
787,0.15987,Yemen,448856,Saudi Arabia,1920589
788,0.15997,Guyana,211023,Chad,1266562
789,0.16020,Nepal,146977,Madagascar,592372
790,0.16035,Madagascar,592372,Guyana,211023
791,0.16037,Gabon,259500,Botswana,579136
792,0.16039,Venezuela,908879,S. Sudan,621325
793,0.16041,Sudan,1856663,Belarus,207560
794,0.16047,India,3141579,Ecuador,246415
795,0.16053,Tanzania,938765,Côte d'Ivoire,320867
796,0.16058,Saudi Arabia,1920589,Poland,313763
797,0.16067,Sudan,1856663,South Africa,1249804
798,0.16085,France,538334,Brazil,8418355
799,0.16091,Spain,494570,Nigeria,907657
800,0.16091,Venezuela,908879,Nigeria,907657
801,0.16091,Paraguay,399948,Ghana,238558
802,0.16104,Poland,313763,Iraq,437232
803,0.16106,Somaliland,167804,North Korea,122582
804,0.16126,Yemen,448856,North Korea,122582
805,0.16127,Libya,1623722,Bolivia,1086627
806,0.16133,South Africa,1249804,Cambodia,180568
807,0.16134,China,9336905,Cambodia,180568
808,0.16137,Nigeria,907657,China,9336905
809,0.16140,Botswana,579136,Australia,7601866
810,0.16146,Indonesia,528768,Australia,7601866
811,0.16147,Bolivia,1086627,Angola,1237945
812,0.16150,Niger,1181195,Finland,331769
813,0.16160,Pakistan,872782,Afghanistan,641832
814,0.16184,Suriname,144934,Cambodia,180568
815,0.16185,Central African Rep.,618323,Cameroon,463871
816,0.16191,Oman,308916,Iran,1620461
817,0.16202,Guyana,211023,Burkina Faso,272627
818,0.16203,Uganda,241474,Bolivia,1086627
819,0.16212,Spain,494570,Cambodia,180568
820,0.16215,Guyana,211023,Guinea,243939
821,0.16233,Pakistan,872782,Niger,1181195
822,0.16241,Bolivia,1086627,Australia,7601866
823,0.16250,Dem. Rep. Congo,2324445,China,9336905
824,0.16255,Niger,1181195,Guyana,211023
825,0.16259,Oman,308916,Myanmar,657126
826,0.16273,Uruguay,177467,Dem. Rep. Congo,2324445
827,0.16274,Syria,185959,Honduras,112883
828,0.16281,South Africa,1249804,Somaliland,167804
829,0.16284,Mauritania,1035187,Burkina Faso,272627
830,0.16290,Tanzania,938765,Sudan,1856663
831,0.16294,North Korea,122582,Burkina Faso,272627
832,0.16306,South Africa,1249804,Libya,1623722
833,0.16312,Dem. Rep. Congo,2324445,Angola,1237945
834,0.16317,Niger,1181195,Argentina,2761111
835,0.16319,Sudan,1856663,Colombia,1134360
836,0.16323,Somaliland,167804,Iran,1620461
837,0.16332,Tanzania,938765,Indonesia,528768
838,0.16361,Sudan,1856663,Iraq,437232
839,0.16374,Yemen,448856,Syria,185959
840,0.16392,Sudan,1856663,Ghana,238558
841,0.16406,Indonesia,528768,Germany,355533
842,0.16426,Pakistan,872782,Mongolia,1564510
843,0.16436,Bulgaria,112612,Bolivia,1086627
844,0.16460,Poland,313763,Bulgaria,112612
845,0.16464,Tanzania,938765,Iraq,437232
846,0.16466,Turkmenistan,470916,Oman,308916
847,0.16470,Chad,1266562,Bolivia,1086627
848,0.16472,Sudan,1856663,Chad,1266562
849,0.16472,Turkey,756928,Oman,308916
850,0.16473,Spain,494570,Kenya,592055
851,0.16488,Saudi Arabia,1920589,Botswana,579136
852,0.16488,Nicaragua,128749,Indonesia,528768
853,0.16491,Suriname,144934,Mauritania,1035187
854,0.16491,Laos,228233,Argentina,2761111
855,0.16493,Nicaragua,128749,Libya,1623722
856,0.16494,Niger,1181195,Bulgaria,112612
857,0.16500,Turkmenistan,470916,Guyana,211023
858,0.16503,Uruguay,177467,Syria,185959
859,0.16509,Gabon,259500,Australia,7601866
860,0.16520,Nicaragua,128749,France,538334
861,0.16523,Yemen,448856,Pakistan,872782
862,0.16537,Romania,236340,Australia,7601866
863,0.16549,Uganda,241474,Suriname,144934
864,0.16554,North Korea,122582,Laos,228233
865,0.16556,Yemen,448856,Ghana,238558
866,0.16563,Italy,251034,Argentina,2761111
867,0.16577,Ukraine,571764,India,3141579
868,0.16581,Guinea,243939,Bulgaria,112612
869,0.16585,United States of America,7930927,Kyrgyzstan,199486
870,0.16596,Malaysia,194612,Laos,228233
871,0.16605,Romania,236340,Niger,1181195
872,0.16606,Guatemala,108101,Cambodia,180568
873,0.16624,Somaliland,167804,Chad,1266562
874,0.16640,Tunisia,156035,Guinea,243939
875,0.16644,Syria,185959,China,9336905
876,0.16658,Paraguay,399948,Chad,1266562
877,0.16660,Papua New Guinea,399427,Myanmar,657126
878,0.16665,Pakistan,872782,Burkina Faso,272627
879,0.16666,Guatemala,108101,Ethiopia,1127093
880,0.16688,S. Sudan,621325,France,538334
881,0.16732,Sudan,1856663,Australia,7601866
882,0.16734,Paraguay,399948,Iran,1620461
883,0.16742,Ecuador,246415,Algeria,2319284
884,0.16747,Iraq,437232,Guinea,243939
885,0.16755,Laos,228233,Myanmar,657126
886,0.16756,Suriname,144934,Libya,1623722
887,0.16760,Kenya,592055,Ecuador,246415
888,0.16764,Mali,1254117,Guinea,243939
889,0.16766,Ecuador,246415,Bolivia,1086627
890,0.16776,China,9336905,Bolivia,1086627
891,0.16779,Guinea,243939,Finland,331769
892,0.16781,Tanzania,938765,Botswana,579136
893,0.16784,Poland,313763,Nicaragua,128749
894,0.16796,Iraq,437232,Germany,355533
895,0.16803,Zimbabwe,388993,Tanzania,938765
896,0.16808,Brazil,8418355,Bolivia,1086627
897,0.16808,S. Sudan,621325,Romania,236340
898,0.16829,Ghana,238558,Botswana,579136
899,0.16850,Oman,308916,Chad,1266562
900,0.16860,Somaliland,167804,Guyana,211023
901,0.16862,Syria,185959,Germany,355533
902,0.16876,Ghana,238558,Bolivia,1086627
903,0.16882,Nicaragua,128749,Ecuador,246415
904,0.16886,Iraq,437232,India,3141579
905,0.16890,Romania,236340,Algeria,2319284
906,0.16894,Ghana,238558,France,538334
907,0.16900,Peru,1291023,Cameroon,463871
908,0.16902,Ecuador,246415,Australia,7601866
909,0.16912,Peru,1291023,Niger,1181195
910,0.16914,Uruguay,177467,Colombia,1134360
911,0.16924,Syria,185959,Pakistan,872782
912,0.16931,Guinea,243939,Ghana,238558
913,0.16931,Gabon,259500,Colombia,1134360
914,0.16946,Saudi Arabia,1920589,Afghanistan,641832
915,0.16953,S. Sudan,621325,Sudan,1856663
916,0.16957,Mongolia,1564510,Greenland,2150928
917,0.16958,Nicaragua,128749,Côte d'Ivoire,320867
918,0.16960,S. Sudan,621325,Belarus,207560
919,0.16969,Yemen,448856,Turkmenistan,470916
920,0.16987,Venezuela,908879,Brazil,8418355
921,0.16988,Pakistan,872782,Madagascar,592372
922,0.16992,Oman,308916,Guyana,211023
923,0.16995,Mali,1254117,Brazil,8418355
924,0.16997,Uzbekistan,447617,Laos,228233
925,0.17004,Venezuela,908879,Bulgaria,112612
926,0.17007,Iran,1620461,Cambodia,180568
927,0.17008,China,9336905,Burkina Faso,272627
928,0.17012,Malawi,119162,Benin,116105
929,0.17020,Tunisia,156035,Central African Rep.,618323
930,0.17022,North Korea,122582,Mongolia,1564510
931,0.17035,North Korea,122582,Niger,1181195
932,0.17037,Sudan,1856663,Egypt,1001776
933,0.17048,Saudi Arabia,1920589,Oman,308916
934,0.17054,Indonesia,528768,Cameroon,463871
935,0.17061,Niger,1181195,Ghana,238558
936,0.17061,Poland,313763,Colombia,1134360
937,0.17066,South Africa,1249804,Greenland,2150928
938,0.17067,Iraq,437232,Colombia,1134360
939,0.17067,Ghana,238558,Côte d'Ivoire,320867
940,0.17080,Paraguay,399948,Bulgaria,112612
941,0.17082,Dem. Rep. Congo,2324445,Cambodia,180568
942,0.17084,Egypt,1001776,Ecuador,246415
943,0.17084,Uganda,241474,Algeria,2319284
944,0.17103,North Korea,122582,Argentina,2761111
945,0.17115,Germany,355533,Angola,1237945
946,0.17115,Ukraine,571764,Burkina Faso,272627
947,0.17126,Brazil,8418355,Algeria,2319284
948,0.17127,Ukraine,571764,Guatemala,108101
949,0.17128,Niger,1181195,Indonesia,528768
950,0.17128,Venezuela,908879,Bolivia,1086627
951,0.17146,North Korea,122582,Afghanistan,641832
952,0.17160,Iran,1620461,Guyana,211023
953,0.17165,Tanzania,938765,Gabon,259500
954,0.17171,Yemen,448856,Bulgaria,112612
955,0.17172,Oman,308916,Indonesia,528768
956,0.17179,Kenya,592055,Germany,355533
957,0.17182,Spain,494570,Angola,1237945
958,0.17184,Spain,494570,China,9336905
959,0.17188,Nepal,146977,Malawi,119162
960,0.17191,Saudi Arabia,1920589,Paraguay,399948
961,0.17199,China,9336905,Brazil,8418355
962,0.17199,Tanzania,938765,Suriname,144934
963,0.17200,North Korea,122582,Guinea,243939
964,0.17200,Tajikistan,142239,Peru,1291023
965,0.17204,Turkey,756928,Pakistan,872782
966,0.17223,North Korea,122582,Guyana,211023
967,0.17226,Indonesia,528768,Botswana,579136
968,0.17233,North Korea,122582,Greenland,2150928
969,0.17240,Tanzania,938765,Bolivia,1086627
970,0.17243,Madagascar,592372,Burkina Faso,272627
971,0.17257,Peru,1291023,Mali,1254117
972,0.17258,Namibia,822543,India,3141579
973,0.17266,Venezuela,908879,Romania,236340
974,0.17267,Honduras,112883,Greenland,2150928
975,0.17280,Somaliland,167804,Saudi Arabia,1920589
976,0.17282,Zimbabwe,388993,Australia,7601866
977,0.17285,Tanzania,938765,Niger,1181195
978,0.17298,Syria,185959,Bolivia,1086627
979,0.17307,United States of America,7930927,Guinea,243939
980,0.17318,Mali,1254117,Ecuador,246415
981,0.17325,Peru,1291023,Burkina Faso,272627
982,0.17336,Turkmenistan,470916,Syria,185959
983,0.17342,Ukraine,571764,S. Sudan,621325
984,0.17347,Philippines,105018,Mozambique,788286
985,0.17353,Chad,1266562,Australia,7601866
986,0.17360,S. Sudan,621325,Australia,7601866
987,0.17361,Tunisia,156035,Oman,308916
988,0.17362,Brazil,8418355,Angola,1237945
989,0.17395,S. Sudan,621325,India,3141579
990,0.17397,United Kingdom,216959,Argentina,2761111
991,0.17398,Turkmenistan,470916,Iran,1620461
992,0.17404,Nicaragua,128749,Kenya,592055
993,0.17419,Romania,236340,Nicaragua,128749
994,0.17423,Finland,331769,Central African Rep.,618323
995,0.17429,Greenland,2150928,Brazil,8418355
996,0.17434,Brazil,8418355,Botswana,579136
997,0.17437,Mali,1254117,Libya,1623722
998,0.17442,South Africa,1249804,Poland,313763
999,0.17447,Myanmar,657126,Argentina,2761111
1000,0.17448,Namibia,822543,Iraq,437232
1001,0.17461,Namibia,822543,Ecuador,246415
1002,0.17470,Iran,1620461,Ethiopia,1127093
1003,0.17481,Poland,313763,Ecuador,246415
1004,0.17484,Spain,494570,Indonesia,528768
1005,0.17488,Indonesia,528768,India,3141579
1006,0.17493,Sudan,1856663,Brazil,8418355
1007,0.17505,Ukraine,571764,Iraq,437232
1008,0.17515,Colombia,1134360,Brazil,8418355
1009,0.17521,Indonesia,528768,Guatemala,108101
1010,0.17522,Bulgaria,112612,Australia,7601866
1011,0.17538,Ghana,238558,Angola,1237945
1012,0.17546,Saudi Arabia,1920589,Ecuador,246415
1013,0.17551,Myanmar,657126,Benin,116105
1014,0.17556,Côte d'Ivoire,320867,Dem. Rep. Congo,2324445
1015,0.17557,Italy,251034,Eritrea,122461
1016,0.17559,Bulgaria,112612,Botswana,579136
1017,0.17567,Poland,313763,Brazil,8418355
1018,0.17567,Uganda,241474,Niger,1181195
1019,0.17568,Indonesia,528768,Algeria,2319284
1020,0.17575,Guinea,243939,Argentina,2761111
1021,0.17580,South Africa,1249804,Oman,308916
1022,0.17589,Ukraine,571764,Colombia,1134360
1023,0.17594,Mongolia,1564510,Guyana,211023
1024,0.17597,Tunisia,156035,Benin,116105
1025,0.17611,Tunisia,156035,Sweden,441301
1026,0.17617,Honduras,112883,Myanmar,657126
1027,0.17624,S. Sudan,621325,Botswana,579136
1028,0.17628,Gabon,259500,Ecuador,246415
1029,0.17628,Nicaragua,128749,China,9336905
1030,0.17646,Ecuador,246415,Belarus,207560
1031,0.17649,Zimbabwe,388993,Ecuador,246415
1032,0.17651,France,538334,Chad,1266562
1033,0.17660,Ukraine,571764,Mali,1254117
1034,0.17676,Ukraine,571764,Mauritania,1035187
1035,0.17699,South Africa,1249804,Gabon,259500
1036,0.17703,Uzbekistan,447617,Madagascar,592372
1037,0.17705,Paraguay,399948,Mongolia,1564510
1038,0.17705,Madagascar,592372,Myanmar,657126
1039,0.17708,New Zealand,149472,Italy,251034
1040,0.17711,Suriname,144934,Germany,355533
1041,0.17722,Papua New Guinea,399427,Kyrgyzstan,199486
1042,0.17723,Indonesia,528768,France,538334
1043,0.17731,Madagascar,592372,Laos,228233
1044,0.17734,Iraq,437232,Côte d'Ivoire,320867
1045,0.17736,Sudan,1856663,Bolivia,1086627
1046,0.17736,Paraguay,399948,Afghanistan,641832
1047,0.17737,Sudan,1856663,Botswana,579136
1048,0.17743,Yemen,448856,South Africa,1249804
1049,0.17745,Japan,227942,Italy,251034
1050,0.17750,Peru,1291023,Kyrgyzstan,199486
1051,0.17756,Australia,7601866,Angola,1237945
1052,0.17757,Zimbabwe,388993,Chad,1266562
1053,0.17774,South Africa,1249804,Honduras,112883
1054,0.17790,Paraguay,399948,Honduras,112883
1055,0.17792,Chad,1266562,Botswana,579136
1056,0.17795,Iraq,437232,Gabon,259500
1057,0.17797,Zimbabwe,388993,Indonesia,528768
1058,0.17797,Tanzania,938765,France,538334
1059,0.17805,Namibia,822543,Dem. Rep. Congo,2324445
1060,0.17817,Syria,185959,North Korea,122582
1061,0.17820,Pakistan,872782,Guyana,211023
1062,0.17827,Dem. Rep. Congo,2324445,Brazil,8418355
1063,0.17841,Romania,236340,Guinea,243939
1064,0.17843,United States of America,7930927,Somaliland,167804
1065,0.17855,Côte d'Ivoire,320867,Chad,1266562
1066,0.17861,Ecuador,246415,Angola,1237945
1067,0.17865,Iraq,437232,Central African Rep.,618323
1068,0.17867,Oman,308916,Bulgaria,112612
1069,0.17871,Saudi Arabia,1920589,Mongolia,1564510
1070,0.17877,Oman,308916,Argentina,2761111
1071,0.17883,Mauritania,1035187,Guatemala,108101
1072,0.17890,Syria,185959,Cameroon,463871
1073,0.17893,Turkey,756928,Greenland,2150928
1074,0.17895,Somaliland,167804,Indonesia,528768
1075,0.17896,Iraq,437232,Angola,1237945
1076,0.17897,Kenya,592055,Australia,7601866
1077,0.17898,Nigeria,907657,Guatemala,108101
1078,0.17902,Suriname,144934,Dem. Rep. Congo,2324445
1079,0.17908,United States of America,7930927,Niger,1181195
1080,0.17912,Somaliland,167804,Mali,1254117
1081,0.17913,Venezuela,908879,China,9336905
1082,0.17915,Germany,355533,Greenland,2150928
1083,0.17924,Papua New Guinea,399427,Oman,308916
1084,0.17930,Sweden,441301,Madagascar,592372
1085,0.17931,Uruguay,177467,South Africa,1249804
1086,0.17934,Romania,236340,Central African Rep.,618323
1087,0.17937,Burkina Faso,272627,Benin,116105
1088,0.17939,Venezuela,908879,Ethiopia,1127093
1089,0.17950,Norway,312323,Chile,660283
1090,0.17957,France,538334,Egypt,1001776
1091,0.17958,Turkey,756928,Sweden,441301
1092,0.17960,Guatemala,108101,Brazil,8418355
1093,0.17966,Paraguay,399948,Benin,116105
1094,0.17968,Somaliland,167804,Myanmar,657126
1095,0.17970,Turkey,756928,Burkina Faso,272627
1096,0.17972,S. Sudan,621325,Burkina Faso,272627
1097,0.17977,Zimbabwe,388993,Ghana,238558
1098,0.17989,Guinea,243939,Ecuador,246415
1099,0.17995,Romania,236340,Greenland,2150928
1100,0.18002,Zimbabwe,388993,Brazil,8418355
1101,0.18006,United States of America,7930927,Mali,1254117
1102,0.18009,Central African Rep.,618323,Myanmar,657126
1103,0.18015,Mozambique,788286,Kyrgyzstan,199486
1104,0.18016,Nicaragua,128749,Gabon,259500
1105,0.18023,Eritrea,122461,Benin,116105
1106,0.18028,Syria,185959,Belarus,207560
1107,0.18032,Dem. Rep. Congo,2324445,Australia,7601866
1108,0.18033,Turkmenistan,470916,Benin,116105
1109,0.18037,Libya,1623722,Dem. Rep. Congo,2324445
1110,0.18047,Germany,355533,Ecuador,246415
1111,0.18052,Colombia,1134360,Central African Rep.,618323
1112,0.18063,Tanzania,938765,Angola,1237945
1113,0.18071,Central African Rep.,618323,Brazil,8418355
1114,0.18073,Zimbabwe,388993,Saudi Arabia,1920589
1115,0.18075,S. Sudan,621325,Chad,1266562
1116,0.18076,Germany,355533,Brazil,8418355
1117,0.18079,Iraq,437232,Greenland,2150928
1118,0.18085,Madagascar,592372,Greenland,2150928
1119,0.18096,Colombia,1134360,Belarus,207560
1120,0.18103,S. Sudan,621325,Saudi Arabia,1920589
1121,0.18112,Ghana,238558,Ecuador,246415
1122,0.18122,Uganda,241474,Central African Rep.,618323
1123,0.18136,S. Sudan,621325,Colombia,1134360
1124,0.18161,Paraguay,399948,Madagascar,592372
1125,0.18164,Côte d'Ivoire,320867,Colombia,1134360
1126,0.18175,Uzbekistan,447617,Benin,116105
1127,0.18184,Uzbekistan,447617,Finland,331769
1128,0.18185,Niger,1181195,Iraq,437232
1129,0.18188,Saudi Arabia,1920589,Australia,7601866
1130,0.18188,Indonesia,528768,Dem. Rep. Congo,2324445
1131,0.18189,Suriname,144934,Nicaragua,128749
1132,0.18195,Iran,1620461,Brazil,8418355
1133,0.18202,Malaysia,194612,Finland,331769
1134,0.18221,Niger,1181195,Cameroon,463871
1135,0.18225,Spain,494570,Guatemala,108101
1136,0.18233,Venezuela,908879,Ecuador,246415
1137,0.18235,Ecuador,246415,Bulgaria,112612
1138,0.18241,United States of America,7930927,South Africa,1249804
1139,0.18244,Mozambique,788286,Myanmar,657126
1140,0.18245,Germany,355533,Botswana,579136
1141,0.18250,New Zealand,149472,Argentina,2761111
1142,0.18253,Madagascar,592372,Iran,1620461
1143,0.18260,Ukraine,571764,Ethiopia,1127093
1144,0.18271,Turkmenistan,470916,North Korea,122582
1145,0.18294,South Africa,1249804,Mali,1254117
1146,0.18295,Bulgaria,112612,Angola,1237945
1147,0.18298,Syria,185959,Mali,1254117
1148,0.18300,Ghana,238558,Gabon,259500
1149,0.18310,Uzbekistan,447617,Malawi,119162
1150,0.18313,Niger,1181195,Ecuador,246415
1151,0.18313,Cameroon,463871,Benin,116105
1152,0.18315,Oman,308916,Ghana,238558
1153,0.18331,Kenya,592055,Iran,1620461
1154,0.18331,Sudan,1856663,Dem. Rep. Congo,2324445
1155,0.18354,South Africa,1249804,Paraguay,399948
1156,0.18366,Ukraine,571764,Niger,1181195
1157,0.18376,Tunisia,156035,Congo,345333
1158,0.18382,Gabon,259500,Chad,1266562
1159,0.18384,S. Sudan,621325,Angola,1237945
1160,0.18392,Niger,1181195,Colombia,1134360
1161,0.18394,Zimbabwe,388993,Germany,355533
1162,0.18408,South Africa,1249804,Brazil,8418355
1163,0.18422,Syria,185959,Guyana,211023
1164,0.18423,Honduras,112883,Guyana,211023
1165,0.18430,Venezuela,908879,Kenya,592055
1166,0.18431,Sudan,1856663,Bulgaria,112612
1167,0.18436,Tanzania,938765,Greenland,2150928
1168,0.18439,France,538334,Bulgaria,112612
1169,0.18446,Peru,1291023,Central African Rep.,618323
1170,0.18450,Iraq,437232,Iran,1620461
1171,0.18462,Peru,1291023,Iceland,101819
1172,0.18475,Sudan,1856663,Saudi Arabia,1920589
1173,0.18481,Nepal,146977,Benin,116105
1174,0.18483,United States of America,7930927,China,9336905
1175,0.18484,Ukraine,571764,Guinea,243939
1176,0.18485,Uruguay,177467,Iran,1620461
1177,0.18487,Saudi Arabia,1920589,Pakistan,872782
1178,0.18501,Nepal,146977,Laos,228233
1179,0.18501,Philippines,105018,Eritrea,122461
1180,0.18511,Turkmenistan,470916,Myanmar,657126
1181,0.18513,Gabon,259500,Dem. Rep. Congo,2324445
1182,0.18515,Uzbekistan,447617,North Korea,122582
1183,0.18526,Turkey,756928,Paraguay,399948
1184,0.18530,Greenland,2150928,Cameroon,463871
1185,0.18538,Côte d'Ivoire,320867,Brazil,8418355
1186,0.18546,Guatemala,108101,France,538334
1187,0.18549,Ukraine,571764,Nigeria,907657
1188,0.18554,South Africa,1249804,Kenya,592055
1189,0.18557,Spain,494570,Côte d'Ivoire,320867
1190,0.18567,Ukraine,571764,Egypt,1001776
1191,0.18573,Namibia,822543,Brazil,8418355
1192,0.18580,S. Sudan,621325,Poland,313763
1193,0.18588,Bulgaria,112612,Afghanistan,641832
1194,0.18589,S. Sudan,621325,Bulgaria,112612
1195,0.18599,Paraguay,399948,Mali,1254117
1196,0.18602,Guatemala,108101,Chad,1266562
1197,0.18622,Pakistan,872782,Laos,228233
1198,0.18630,Turkmenistan,470916,Congo,345333
1199,0.18630,Gabon,259500,Bolivia,1086627
1200,0.18631,Italy,251034,Honduras,112883
1201,0.18640,United States of America,7930927,Iceland,101819
1202,0.18640,Thailand,512543,Papua New Guinea,399427
1203,0.18647,Cameroon,463871,Afghanistan,641832
1204,0.18652,Nicaragua,128749,Angola,1237945
1205,0.18657,Yemen,448856,Tanzania,938765
1206,0.18659,Nicaragua,128749,Guatemala,108101
1207,0.18681,Cameroon,463871,Burkina Faso,272627
1208,0.18684,Libya,1623722,China,9336905
1209,0.18691,Libya,1623722,Guatemala,108101
1210,0.18696,Suriname,144934,Iraq,437232
1211,0.18699,Uganda,241474,Guinea,243939
1212,0.18719,Mauritania,1035187,India,3141579
1213,0.18720,Chad,1266562,Angola,1237945
1214,0.18727,United Kingdom,216959,Finland,331769
1215,0.18737,Uzbekistan,447617,Mozambique,788286
1216,0.18756,Spain,494570,Gabon,259500
1217,0.18757,Nigeria,907657,Niger,1181195
1218,0.18776,Oman,308916,Laos,228233
1219,0.18779,Indonesia,528768,Afghanistan,641832
1220,0.18801,Venezuela,908879,Burkina Faso,272627
1221,0.18804,Saudi Arabia,1920589,Guyana,211023
1222,0.18806,Gabon,259500,Brazil,8418355
1223,0.18815,Mali,1254117,Iran,1620461
1224,0.18819,Sweden,441301,Argentina,2761111
1225,0.18834,Iraq,437232,Cameroon,463871
1226,0.18843,Turkmenistan,470916,Greenland,2150928
1227,0.18844,Tunisia,156035,Paraguay,399948
1228,0.18847,Mali,1254117,Indonesia,528768
1229,0.18851,Ukraine,571764,Indonesia,528768
1230,0.18854,Uganda,241474,Greenland,2150928
1231,0.18856,Mali,1254117,Greenland,2150928
1232,0.18857,Poland,313763,Dem. Rep. Congo,2324445
1233,0.18868,Nicaragua,128749,Chad,1266562
1234,0.18870,Uganda,241474,Nicaragua,128749
1235,0.18883,Paraguay,399948,Pakistan,872782
1236,0.18884,Chad,1266562,Algeria,2319284
1237,0.18901,Mauritania,1035187,Iran,1620461
1238,0.18905,Zimbabwe,388993,Colombia,1134360
1239,0.18911,Germany,355533,Algeria,2319284
1240,0.18923,Turkey,756928,Iran,1620461
1241,0.18934,Central African Rep.,618323,Argentina,2761111
1242,0.18934,Saudi Arabia,1920589,France,538334
1243,0.18944,Somaliland,167804,Papua New Guinea,399427
1244,0.18944,Côte d'Ivoire,320867,Bulgaria,112612
1245,0.18945,Poland,313763,Indonesia,528768
1246,0.18954,China,9336905,Australia,7601866
1247,0.18959,United States of America,7930927,Bangladesh,132676
1248,0.18960,Nigeria,907657,Guinea,243939
1249,0.18967,Ukraine,571764,Uganda,241474
1250,0.18974,Nicaragua,128749,Namibia,822543
1251,0.18976,Mongolia,1564510,Chad,1266562
1252,0.18977,New Zealand,149472,Honduras,112883
1253,0.18980,Tanzania,938765,Central African Rep.,618323
1254,0.18991,S. Sudan,621325,South Africa,1249804
1255,0.18996,Germany,355533,Bolivia,1086627
1256,0.19011,Ukraine,571764,Syria,185959
1257,0.19014,Niger,1181195,Mali,1254117
1258,0.19017,Niger,1181195,Germany,355533
1259,0.19025,Suriname,144934,Australia,7601866
1260,0.19032,Zimbabwe,388993,Bulgaria,112612
1261,0.19032,Uganda,241474,Spain,494570
1262,0.19033,Vietnam,326748,Malaysia,194612
1263,0.19035,Uganda,241474,Mali,1254117
1264,0.19037,Philippines,105018,Japan,227942
1265,0.19049,Iran,1620461,Ecuador,246415
1266,0.19055,South Africa,1249804,France,538334
1267,0.19057,Guinea,243939,Brazil,8418355
1268,0.19089,North Korea,122582,Iran,1620461
1269,0.19089,Venezuela,908879,Cameroon,463871
1270,0.19096,Ecuador,246415,Botswana,579136
1271,0.19099,Guatemala,108101,Gabon,259500
1272,0.19109,India,3141579,Cameroon,463871
1273,0.19113,Suriname,144934,Ghana,238558
1274,0.19116,North Korea,122582,Malawi,119162
1275,0.19134,Uruguay,177467,Burkina Faso,272627
1276,0.19138,United States of America,7930927,Burkina Faso,272627
1277,0.19139,Libya,1623722,Central African Rep.,618323
1278,0.19143,Madagascar,592372,Italy,251034
1279,0.19149,Burkina Faso,272627,Australia,7601866
1280,0.19154,India,3141579,Dem. Rep. Congo,2324445
1281,0.19160,Tanzania,938765,Afghanistan,641832
1282,0.19164,Venezuela,908879,South Africa,1249804
1283,0.19195,Tunisia,156035,Greenland,2150928
1284,0.19204,Sudan,1856663,Nicaragua,128749
1285,0.19209,Tanzania,938765,Brazil,8418355
1286,0.19209,Suriname,144934,Spain,494570
1287,0.19214,Venezuela,908879,Belarus,207560
1288,0.19223,Libya,1623722,Greenland,2150928
1289,0.19232,Saudi Arabia,1920589,Nicaragua,128749
1290,0.19237,Guinea,243939,Germany,355533
1291,0.19258,Tunisia,156035,South Africa,1249804
1292,0.19269,Tanzania,938765,Algeria,2319284
1293,0.19273,Syria,185959,Paraguay,399948
1294,0.19279,Guatemala,108101,Germany,355533
1295,0.19299,Guinea,243939,Cambodia,180568
1296,0.19308,Finland,331769,Congo,345333
1297,0.19309,Peru,1291023,Ecuador,246415
1298,0.19318,Turkey,756928,Laos,228233
1299,0.19328,Sweden,441301,Malawi,119162
1300,0.19339,Colombia,1134360,Bolivia,1086627
1301,0.19346,Saudi Arabia,1920589,Honduras,112883
1302,0.19346,S. Sudan,621325,Ghana,238558
1303,0.19349,North Korea,122582,Finland,331769
1304,0.19354,Ukraine,571764,Turkmenistan,470916
1305,0.19356,Sudan,1856663,Indonesia,528768
1306,0.19356,Saudi Arabia,1920589,Angola,1237945
1307,0.19356,Spain,494570,Poland,313763
1308,0.19374,Honduras,112883,Cameroon,463871
1309,0.19381,Somaliland,167804,Bulgaria,112612
1310,0.19382,Pakistan,872782,Myanmar,657126
1311,0.19382,United States of America,7930927,S. Sudan,621325
1312,0.19392,Saudi Arabia,1920589,Côte d'Ivoire,320867
1313,0.19394,Namibia,822543,Indonesia,528768
1314,0.19401,North Korea,122582,Italy,251034
1315,0.19406,Tunisia,156035,Nepal,146977
1316,0.19414,Greenland,2150928,Cambodia,180568
1317,0.19427,Tanzania,938765,Guyana,211023
1318,0.19437,Guyana,211023,Germany,355533
1319,0.19441,Tajikistan,142239,Cameroon,463871
1320,0.19444,Suriname,144934,Chad,1266562
1321,0.19445,China,9336905,Belarus,207560
1322,0.19447,Thailand,512543,Kyrgyzstan,199486
1323,0.19451,Sudan,1856663,Spain,494570
1324,0.19458,Guatemala,108101,China,9336905
1325,0.19469,Venezuela,908879,Uruguay,177467
1326,0.19478,S. Sudan,621325,Egypt,1001776
1327,0.19480,Tanzania,938765,Guinea,243939
1328,0.19492,Uzbekistan,447617,Honduras,112883
1329,0.19493,Suriname,144934,Colombia,1134360
1330,0.19499,Paraguay,399948,Germany,355533
1331,0.19509,Nepal,146977,Argentina,2761111
1332,0.19511,Romania,236340,Afghanistan,641832
1333,0.19525,Yemen,448856,Argentina,2761111
1334,0.19526,China,9336905,Chad,1266562
1335,0.19527,United States of America,7930927,India,3141579
1336,0.19534,Japan,227942,Myanmar,657126
1337,0.19537,Sudan,1856663,Guatemala,108101
1338,0.19537,Oman,308916,Brazil,8418355
1339,0.19551,Ghana,238558,Algeria,2319284
1340,0.19572,Venezuela,908879,Libya,1623722
1341,0.19572,Malaysia,194612,Argentina,2761111
1342,0.19574,Poland,313763,Iran,1620461
1343,0.19575,China,9336905,Algeria,2319284
1344,0.19576,Ecuador,246415,Côte d'Ivoire,320867
1345,0.19581,Guinea,243939,Colombia,1134360
1346,0.19589,Turkmenistan,470916,Colombia,1134360
1347,0.19598,United States of America,7930927,Cameroon,463871
1348,0.19602,Egypt,1001776,Dem. Rep. Congo,2324445
1349,0.19607,Japan,227942,Benin,116105
1350,0.19611,South Africa,1249804,Peru,1291023
1351,0.19627,South Africa,1249804,Guyana,211023
1352,0.19628,Mongolia,1564510,Bulgaria,112612
1353,0.19635,Tunisia,156035,Burkina Faso,272627
1354,0.19637,Indonesia,528768,Angola,1237945
1355,0.19640,Syria,185959,Poland,313763
1356,0.19648,Paraguay,399948,Finland,331769
1357,0.19652,United States of America,7930927,Oman,308916
1358,0.19662,Guatemala,108101,Dem. Rep. Congo,2324445
1359,0.19662,Venezuela,908879,India,3141579
1360,0.19663,Pakistan,872782,Italy,251034
1361,0.19665,Venezuela,908879,Colombia,1134360
1362,0.19667,United Kingdom,216959,Russia,16530760
1363,0.19677,Tanzania,938765,Ecuador,246415
1364,0.19682,Somaliland,167804,Iraq,437232
1365,0.19686,Guatemala,108101,Burkina Faso,272627
1366,0.19687,Guinea,243939,Ethiopia,1127093
1367,0.19697,Nigeria,907657,Central African Rep.,618323
1368,0.19699,Pakistan,872782,Argentina,2761111
1369,0.19708,Uganda,241474,China,9336905
1370,0.19711,Papua New Guinea,399427,Eritrea,122461
1371,0.19712,Peru,1291023,Honduras,112883
1372,0.19720,Turkmenistan,470916,Pakistan,872782
1373,0.19728,Colombia,1134360,China,9336905
1374,0.19736,Syria,185959,Madagascar,592372
1375,0.19737,Malawi,119162,Argentina,2761111
1376,0.19738,Germany,355533,Central African Rep.,618323
1377,0.19754,Yemen,448856,Indonesia,528768
1378,0.19754,Turkmenistan,470916,Chad,1266562
1379,0.19766,Yemen,448856,New Zealand,149472
1380,0.19766,United States of America,7930927,Papua New Guinea,399427
1381,0.19767,Congo,345333,Argentina,2761111
1382,0.19770,Somalia,471542,Italy,251034
1383,0.19779,Nicaragua,128749,Ghana,238558
1384,0.19788,Indonesia,528768,Côte d'Ivoire,320867
1385,0.19792,United States of America,7930927,Turkmenistan,470916
1386,0.19802,Tunisia,156035,New Zealand,149472
1387,0.19803,Venezuela,908879,Guinea,243939
1388,0.19810,India,3141579,Guatemala,108101
1389,0.19816,Romania,236340,China,9336905
1390,0.19818,Uganda,241474,Paraguay,399948
1391,0.19821,Somaliland,167804,Ghana,238558
1392,0.19822,Venezuela,908879,Uganda,241474
1393,0.19826,Turkmenistan,470916,Peru,1291023
1394,0.19835,Saudi Arabia,1920589,Algeria,2319284
1395,0.19847,Russia,16530760,Finland,331769
1396,0.19853,Cameroon,463871,Myanmar,657126
1397,0.19870,Mauritania,1035187,Guinea,243939
1398,0.19883,Ghana,238558,Afghanistan,641832
1399,0.19883,Uzbekistan,447617,Malaysia,194612
1400,0.19888,Guyana,211023,Bulgaria,112612
1401,0.19898,Venezuela,908879,Niger,1181195
1402,0.19898,Colombia,1134360,Botswana,579136
1403,0.19903,Vietnam,326748,Somalia,471542
1404,0.19903,Tunisia,156035,Myanmar,657126
1405,0.19910,Egypt,1001776,Angola,1237945
1406,0.19910,Syria,185959,Botswana,579136
1407,0.19913,Central African Rep.,618323,Cambodia,180568
1408,0.19924,Venezuela,908879,Central African Rep.,618323
1409,0.19931,Gabon,259500,Bulgaria,112612
1410,0.19934,Syria,185959,Benin,116105
1411,0.19940,Pakistan,872782,Bulgaria,112612
1412,0.19941,Pakistan,872782,Finland,331769
1413,0.19946,Malawi,119162,Madagascar,592372
1414,0.19965,Venezuela,908879,Pakistan,872782
1415,0.19966,Tajikistan,142239,Mozambique,788286
1416,0.19968,Libya,1623722,Guinea,243939
1417,0.19972,Uganda,241474,Dem. Rep. Congo,2324445
1418,0.19974,Venezuela,908879,Ghana,238558
1419,0.19980,Niger,1181195,Ethiopia,1127093
1420,0.19982,Venezuela,908879,Namibia,822543
1421,0.19982,Namibia,822543,Cameroon,463871
1422,0.19984,Pakistan,872782,Indonesia,528768
1423,0.19989,Niger,1181195,Cambodia,180568
1424,0.19989,South Africa,1249804,Guatemala,108101
1425,0.19994,Uruguay,177467,China,9336905
1426,0.20002,Pakistan,872782,Chad,1266562
1427,0.20013,Yemen,448856,Romania,236340
1428,0.20013,Peru,1291023,Afghanistan,641832
1429,0.20023,Venezuela,908879,Cambodia,180568
1430,0.20033,Mali,1254117,Bangladesh,132676
1431,0.20041,Yemen,448856,Germany,355533
1432,0.20057,United Kingdom,216959,Italy,251034
1433,0.20059,Gabon,259500,Egypt,1001776
1434,0.20080,Tanzania,938765,Australia,7601866
1435,0.20080,Malawi,119162,Finland,331769
1436,0.20084,Venezuela,908879,Nicaragua,128749
1437,0.20086,Venezuela,908879,Iran,1620461
1438,0.20089,S. Sudan,621325,Côte d'Ivoire,320867
1439,0.20106,Nigeria,907657,Greenland,2150928
1440,0.20109,China,9336905,Botswana,579136
1441,0.20121,Guyana,211023,Ghana,238558
1442,0.20125,North Korea,122582,Cameroon,463871
1443,0.20125,South Africa,1249804,Angola,1237945
1444,0.20134,Sudan,1856663,Burkina Faso,272627
1445,0.20137,Laos,228233,Honduras,112883
1446,0.20146,South Africa,1249804,China,9336905
1447,0.20153,Syria,185959,Sudan,1856663
1448,0.20157,Mali,1254117,Colombia,1134360
1449,0.20170,North Korea,122582,New Zealand,149472
1450,0.20175,Tunisia,156035,Iran,1620461
1451,0.20187,Saudi Arabia,1920589,China,9336905
1452,0.20187,Uganda,241474,Guatemala,108101
1453,0.20188,Zimbabwe,388993,Syria,185959
1454,0.20192,Mali,1254117,Iraq,437232
1455,0.20192,Somaliland,167804,Laos,228233
1456,0.20201,Papua New Guinea,399427,Cameroon,463871
1457,0.20209,Ecuador,246415,Central African Rep.,618323
1458,0.20210,Saudi Arabia,1920589,Gabon,259500
1459,0.20232,Tajikistan,142239,Papua New Guinea,399427
1460,0.20237,Venezuela,908879,Botswana,579136
1461,0.20253,Guyana,211023,Finland,331769
1462,0.20253,Somalia,471542,Finland,331769
1463,0.20256,Sudan,1856663,Iran,1620461
1464,0.20258,Niger,1181195,Mauritania,1035187
1465,0.20273,Ukraine,571764,Cambodia,180568
1466,0.20274,Romania,236340,Dem. Rep. Congo,2324445
1467,0.20279,Ukraine,571764,Bangladesh,132676
1468,0.20281,Suriname,144934,Bulgaria,112612
1469,0.20282,Paraguay,399948,Indonesia,528768
1470,0.20291,Suriname,144934,Saudi Arabia,1920589
1471,0.20298,Mali,1254117,Chad,1266562
1472,0.20310,South Africa,1249804,Madagascar,592372
1473,0.20314,Bulgaria,112612,Algeria,2319284
1474,0.20325,Mali,1254117,Ghana,238558
1475,0.20327,Peru,1291023,Mozambique,788286
1476,0.20340,Oman,308916,Iraq,437232
1477,0.20342,Mali,1254117,Bulgaria,112612
1478,0.20345,Ethiopia,1127093,Central African Rep.,618323
1479,0.20348,Indonesia,528768,Guyana,211023
1480,0.20349,Romania,236340,Mongolia,1564510
1481,0.20353,Guinea,243939,Myanmar,657126
1482,0.20361,Yemen,448856,Nepal,146977
1483,0.20363,Kenya,592055,Burkina Faso,272627
1484,0.20363,Romania,236340,Paraguay,399948
1485,0.20367,Colombia,1134360,Algeria,2319284
1486,0.20368,Spain,494570,India,3141579
1487,0.20372,Zimbabwe,388993,China,9336905
1488,0.20374,Guatemala,108101,Algeria,2319284
1489,0.20375,Philippines,105018,Kyrgyzstan,199486
1490,0.20376,North Korea,122582,Myanmar,657126
1491,0.20383,Namibia,822543,Mauritania,1035187
1492,0.20402,Poland,313763,Burkina Faso,272627
1493,0.20419,Mexico,1953076,Malaysia,194612
1494,0.20430,Ukraine,571764,Libya,1623722
1495,0.20430,Pakistan,872782,Iran,1620461
1496,0.20456,Namibia,822543,Ethiopia,1127093
1497,0.20466,Ukraine,571764,Chad,1266562
1498,0.20477,United States of America,7930927,Namibia,822543
1499,0.20501,New Zealand,149472,Mongolia,1564510
1500,0.20519,Uzbekistan,447617,Philippines,105018
1501,0.20534,S. Sudan,621325,Guatemala,108101
1502,0.20536,Burkina Faso,272627,Belarus,207560
1503,0.20537,Spain,494570,Romania,236340
1504,0.20539,Paraguay,399948,North Korea,122582
1505,0.20552,France,538334,China,9336905
1506,0.20563,South Africa,1249804,Belarus,207560
1507,0.20565,S. Sudan,621325,Mali,1254117
1508,0.20569,Pakistan,872782,Japan,227942
1509,0.20573,Tunisia,156035,Russia,16530760
1510,0.20581,Peru,1291023,Mongolia,1564510
1511,0.20582,Nicaragua,128749,Bulgaria,112612
1512,0.20586,S. Sudan,621325,Gabon,259500
1513,0.20591,Ethiopia,1127093,Greenland,2150928
1514,0.20597,Suriname,144934,Brazil,8418355
1515,0.20603,Paraguay,399948,Brazil,8418355
1516,0.20610,Kenya,592055,China,9336905
1517,0.20618,Colombia,1134360,Afghanistan,641832
1518,0.20622,Ukraine,571764,Sudan,1856663
1519,0.20625,Uzbekistan,447617,Somaliland,167804
1520,0.20628,Tanzania,938765,Paraguay,399948
1521,0.20629,Guinea,243939,China,9336905
1522,0.20637,Papua New Guinea,399427,Finland,331769
1523,0.20640,Uzbekistan,447617,Eritrea,122461
1524,0.20642,Greenland,2150928,Colombia,1134360
1525,0.20646,Honduras,112883,Chad,1266562
1526,0.20649,Oman,308916,Italy,251034
1527,0.20650,Niger,1181195,Libya,1623722
1528,0.20650,Saudi Arabia,1920589,North Korea,122582
1529,0.20686,Mongolia,1564510,Cameroon,463871
1530,0.20691,Laos,228233,Central African Rep.,618323
1531,0.20697,Venezuela,908879,Tanzania,938765
1532,0.20706,Zambia,752775,Congo,345333
1533,0.20708,Saudi Arabia,1920589,Cameroon,463871
1534,0.20710,Paraguay,399948,Libya,1623722
1535,0.20713,Indonesia,528768,Gabon,259500
1536,0.20716,Papua New Guinea,399427,Japan,227942
1537,0.20727,Uzbekistan,447617,Oman,308916
1538,0.20748,Syria,185959,France,538334
1539,0.20761,United States of America,7930927,Afghanistan,641832
1540,0.20781,Mongolia,1564510,Ghana,238558
1541,0.20786,Honduras,112883,Bulgaria,112612
1542,0.20790,Tajikistan,142239,Oman,308916
1543,0.20791,Tanzania,938765,Mongolia,1564510
1544,0.20794,Finland,331769,Greenland,2150928
1545,0.20809,Turkey,756928,Syria,185959
1546,0.20812,Papua New Guinea,399427,Guinea,243939
1547,0.20828,Zimbabwe,388993,Venezuela,908879
1548,0.20832,Yemen,448856,Uganda,241474
1549,0.20842,Nepal,146977,Honduras,112883
1550,0.20844,Ukraine,571764,Somaliland,167804
1551,0.20845,Chad,1266562,Cameroon,463871
1552,0.20871,Yemen,448856,Mali,1254117
1553,0.20877,Mozambique,788286,Cameroon,463871
1554,0.20895,Turkey,756928,Italy,251034
1555,0.20895,Norway,312323,Malaysia,194612
1556,0.20899,Venezuela,908879,Dem. Rep. Congo,2324445
1557,0.20907,Somaliland,167804,Ecuador,246415
1558,0.20908,Yemen,448856,Laos,228233
1559,0.20909,China,9336905,Bulgaria,112612
1560,0.20923,Ukraine,571764,Brazil,8418355
1561,0.20927,Nigeria,907657,India,3141579
1562,0.20933,Morocco,581746,Laos,228233
1563,0.20933,Iran,1620461,Benin,116105
1564,0.20945,United States of America,7930927,Syria,185959
1565,0.20954,Peru,1291023,Greenland,2150928
1566,0.20970,United Kingdom,216959,Myanmar,657126
1567,0.20993,Myanmar,657126,Afghanistan,641832
1568,0.20994,Burkina Faso,272627,Bolivia,1086627
1569,0.20994,Guatemala,108101,Belarus,207560
1570,0.21004,Colombia,1134360,Australia,7601866
1571,0.21015,Uganda,241474,Oman,308916
1572,0.21040,Syria,185959,Australia,7601866
1573,0.21043,Somaliland,167804,Romania,236340
1574,0.21050,Mali,1254117,Honduras,112883
1575,0.21060,Papua New Guinea,399427,Mali,1254117
1576,0.21062,Somalia,471542,Laos,228233
1577,0.21063,Iraq,437232,Afghanistan,641832
1578,0.21065,Turkey,756928,Malawi,119162
1579,0.21069,Syria,185959,India,3141579
1580,0.21070,Sweden,441301,Laos,228233
1581,0.21079,Peru,1291023,Guatemala,108101
1582,0.21088,S. Sudan,621325,Iran,1620461
1583,0.21091,Syria,185959,Angola,1237945
1584,0.21118,North Korea,122582,Bulgaria,112612
1585,0.21122,Turkmenistan,470916,Cameroon,463871
1586,0.21131,Peru,1291023,Myanmar,657126
1587,0.21142,Uzbekistan,447617,Turkmenistan,470916
1588,0.21150,United States of America,7930927,Honduras,112883
1589,0.21167,Guinea,243939,Guatemala,108101
1590,0.21179,Saudi Arabia,1920589,Mali,1254117
1591,0.21181,Zambia,752775,Russia,16530760
1592,0.21204,Mongolia,1564510,Myanmar,657126
1593,0.21207,Ukraine,571764,France,538334
1594,0.21220,Thailand,512543,Mozambique,788286
1595,0.21226,India,3141579,Ethiopia,1127093
1596,0.21231,South Africa,1249804,Côte d'Ivoire,320867
1597,0.21234,Germany,355533,Afghanistan,641832
1598,0.21238,Ukraine,571764,Romania,236340
1599,0.21238,Ukraine,571764,Central African Rep.,618323
1600,0.21252,Niger,1181195,Brazil,8418355
1601,0.21256,Vietnam,326748,Morocco,581746
1602,0.21257,Turkmenistan,470916,Paraguay,399948
1603,0.21258,Nepal,146977,Italy,251034
1604,0.21265,Vietnam,326748,Mexico,1953076
1605,0.21276,United States of America,7930927,Iraq,437232
1606,0.21284,Tunisia,156035,Italy,251034
1607,0.21285,Turkey,756928,South Africa,1249804
1608,0.21305,Uzbekistan,447617,Papua New Guinea,399427
1609,0.21315,United Kingdom,216959,Papua New Guinea,399427
1610,0.21320,Mauritania,1035187,Central African Rep.,618323
1611,0.21325,Ethiopia,1127093,Egypt,1001776
1612,0.21345,Nigeria,907657,Afghanistan,641832
1613,0.21347,Mozambique,788286,Japan,227942
1614,0.21347,Peru,1291023,Indonesia,528768
1615,0.21348,Iran,1620461,Belarus,207560
1616,0.21354,S. Sudan,621325,Guinea,243939
1617,0.21365,Venezuela,908879,Somaliland,167804
1618,0.21372,Tajikistan,142239,Mali,1254117
1619,0.21374,Oman,308916,Libya,1623722
1620,0.21383,Somalia,471542,Norway,312323
1621,0.21383,Peru,1291023,China,9336905
1622,0.21406,United States of America,7930927,Mongolia,1564510
1623,0.21412,Eritrea,122461,Myanmar,657126
1624,0.21412,Nicaragua,128749,Germany,355533
1625,0.21431,Suriname,144934,Indonesia,528768
1626,0.21432,China,9336905,Cameroon,463871
1627,0.21441,Japan,227942,Cameroon,463871
1628,0.21442,Ukraine,571764,Oman,308916
1629,0.21443,Oman,308916,Ecuador,246415
1630,0.21451,Venezuela,908879,Spain,494570
1631,0.21452,Mali,1254117,Ethiopia,1127093
1632,0.21456,Guyana,211023,Argentina,2761111
1633,0.21460,Romania,236340,Oman,308916
1634,0.21468,Venezuela,908879,Afghanistan,641832
1635,0.21469,United Kingdom,216959,Philippines,105018
1636,0.21469,Turkmenistan,470916,Saudi Arabia,1920589
1637,0.21470,Honduras,112883,Congo,345333
1638,0.21474,Somaliland,167804,Italy,251034
1639,0.21493,Peru,1291023,Iraq,437232
1640,0.21511,Tunisia,156035,North Korea,122582
1641,0.21527,South Africa,1249804,Bolivia,1086627
1642,0.21528,Mozambique,788286,Eritrea,122461
1643,0.21538,Norway,312323,Morocco,581746
1644,0.21543,Malaysia,194612,Benin,116105
1645,0.21546,Kyrgyzstan,199486,Bangladesh,132676
1646,0.21555,Madagascar,592372,Cameroon,463871
1647,0.21556,Peru,1291023,India,3141579
1648,0.21559,Spain,494570,Egypt,1001776
1649,0.21559,Suriname,144934,S. Sudan,621325
1650,0.21560,Syria,185959,Peru,1291023
1651,0.21565,Spain,494570,Chad,1266562
1652,0.21569,Finland,331769,Burkina Faso,272627
1653,0.21579,Guatemala,108101,Ghana,238558
1654,0.21580,Pakistan,872782,Eritrea,122461
1655,0.21593,Poland,313763,Guatemala,108101
1656,0.21594,Burkina Faso,272627,Argentina,2761111
1657,0.21594,S. Sudan,621325,Germany,355533
1658,0.21597,Namibia,822543,Bolivia,1086627
1659,0.21600,Suriname,144934,Ecuador,246415
1660,0.21602,Ukraine,571764,Gabon,259500
1661,0.21608,United States of America,7930927,Central African Rep.,618323
1662,0.21619,Romania,236340,Guatemala,108101
1663,0.21622,Uganda,241474,Afghanistan,641832
1664,0.21640,Mongolia,1564510,Colombia,1134360
1665,0.21642,Turkmenistan,470916,Russia,16530760
1666,0.21645,Turkmenistan,470916,Indonesia,528768
1667,0.21645,United Kingdom,216959,Tunisia,156035
1668,0.21655,Ghana,238558,China,9336905
1669,0.21663,Venezuela,908879,Algeria,2319284
1670,0.21672,Mali,1254117,Myanmar,657126
1671,0.21675,Nigeria,907657,Egypt,1001776
1672,0.21679,Peru,1291023,Argentina,2761111
1673,0.21679,Uganda,241474,Somaliland,167804
1674,0.21684,Morocco,581746,Italy,251034
1675,0.21688,India,3141579,Brazil,8418355
1676,0.21688,Venezuela,908879,Greenland,2150928
1677,0.21705,Uganda,241474,Mongolia,1564510
1678,0.21707,Malaysia,194612,Madagascar,592372
1679,0.21718,Oman,308916,Mozambique,788286
1680,0.21726,Sweden,441301,Italy,251034
1681,0.21733,United Kingdom,216959,Madagascar,592372
1682,0.21751,Tanzania,938765,Nicaragua,128749
1683,0.21753,Syria,185959,Algeria,2319284
1684,0.21759,Guatemala,108101,Côte d'Ivoire,320867
1685,0.21762,Papua New Guinea,399427,Argentina,2761111
1686,0.21764,Niger,1181195,Myanmar,657126
1687,0.21765,Cameroon,463871,Argentina,2761111
1688,0.21767,Uruguay,177467,Guatemala,108101
1689,0.21769,Syria,185959,Nicaragua,128749
1690,0.21783,Ukraine,571764,Afghanistan,641832
1691,0.21787,Pakistan,872782,New Zealand,149472
1692,0.21794,Tajikistan,142239,Guatemala,108101
1693,0.21805,Tanzania,938765,S. Sudan,621325
1694,0.21807,Niger,1181195,China,9336905
1695,0.21812,South Africa,1249804,Australia,7601866
1696,0.21813,Mali,1254117,Guatemala,108101
1697,0.21823,Tunisia,156035,Laos,228233
1698,0.21847,Kyrgyzstan,199486,Argentina,2761111
1699,0.21857,Kyrgyzstan,199486,Congo,345333
1700,0.21863,Guatemala,108101,Greenland,2150928
1701,0.21892,Nepal,146977,Mongolia,1564510
1702,0.21893,Tajikistan,142239,Guinea,243939
1703,0.21911,Spain,494570,Saudi Arabia,1920589
1704,0.21913,North Korea,122582,Indonesia,528768
1705,0.21914,Ukraine,571764,Namibia,822543
1706,0.21914,Zambia,752775,Iceland,101819
1707,0.21918,Saudi Arabia,1920589,Benin,116105
1708,0.21918,Turkey,756928,Saudi Arabia,1920589
1709,0.21920,Oman,308916,Eritrea,122461
1710,0.21926,Peru,1291023,Madagascar,592372
1711,0.21926,Tunisia,156035,Pakistan,872782
1712,0.21935,Spain,494570,Ghana,238558
1713,0.21947,France,538334,Burkina Faso,272627
1714,0.21959,Ukraine,571764,Dem. Rep. Congo,2324445
1715,0.21960,Peru,1291023,Namibia,822543
1716,0.21967,Dem. Rep. Congo,2324445,Chad,1266562
1717,0.21970,Mongolia,1564510,Indonesia,528768
1718,0.21973,Sweden,441301,Benin,116105
1719,0.21976,Peru,1291023,Finland,331769
1720,0.21987,Honduras,112883,Ghana,238558
1721,0.22003,Ukraine,571764,Germany,355533
1722,0.22017,Ecuador,246415,Cameroon,463871
1723,0.22042,S. Sudan,621325,Niger,1181195
1724,0.22051,Madagascar,592372,Congo,345333
1725,0.22051,Somaliland,167804,Brazil,8418355
1726,0.22064,Greenland,2150928,Australia,7601866
1727,0.22080,Laos,228233,Greenland,2150928
1728,0.22085,Uzbekistan,447617,Kyrgyzstan,199486
1729,0.22086,Dem. Rep. Congo,2324445,Colombia,1134360
1730,0.22092,Greenland,2150928,Myanmar,657126
1731,0.22093,Chad,1266562,Benin,116105
1732,0.22093,Uzbekistan,447617,Pakistan,872782
1733,0.22105,Mali,1254117,China,9336905
1734,0.22111,China,9336905,Central African Rep.,618323
1735,0.22111,Libya,1623722,Egypt,1001776
1736,0.22123,Somaliland,167804,New Zealand,149472
1737,0.22131,Guatemala,108101,Egypt,1001776
1738,0.22142,Tajikistan,142239,Greenland,2150928
1739,0.22142,Uzbekistan,447617,Central African Rep.,618323
1740,0.22145,Russia,16530760,Argentina,2761111
1741,0.22146,Zimbabwe,388993,South Africa,1249804
1742,0.22148,Oman,308916,Colombia,1134360
1743,0.22155,Ukraine,571764,Spain,494570
1744,0.22181,Paraguay,399948,Cambodia,180568
1745,0.22191,Peru,1291023,Pakistan,872782
1746,0.22192,Ukraine,571764,Iran,1620461
1747,0.22209,Tanzania,938765,Somaliland,167804
1748,0.22210,Ukraine,571764,Iceland,101819
1749,0.22212,Iran,1620461,France,538334
1750,0.22213,Sudan,1856663,China,9336905
1751,0.22221,Mauritania,1035187,Greenland,2150928
1752,0.22223,Uzbekistan,447617,Japan,227942
1753,0.22245,Mongolia,1564510,Italy,251034
1754,0.22248,Laos,228233,Afghanistan,641832
1755,0.22250,United Kingdom,216959,Honduras,112883
1756,0.22252,North Korea,122582,Chad,1266562
1757,0.22261,United States of America,7930927,Indonesia,528768
1758,0.22262,Romania,236340,Guyana,211023
1759,0.22273,Laos,228233,Guinea,243939
1760,0.22273,Iran,1620461,Angola,1237945
1761,0.22279,Turkey,756928,Chad,1266562
1762,0.22280,Papua New Guinea,399427,Italy,251034
1763,0.22290,Pakistan,872782,Ghana,238558
1764,0.22314,Sweden,441301,Honduras,112883
1765,0.22324,Italy,251034,Central African Rep.,618323
1766,0.22327,Venezuela,908879,Oman,308916
1767,0.22333,Nigeria,907657,Mali,1254117
1768,0.22336,Somaliland,167804,Nigeria,907657
1769,0.22338,New Zealand,149472,Guyana,211023
1770,0.22338,Yemen,448856,Myanmar,657126
1771,0.22345,Laos,228233,Guyana,211023
1772,0.22362,Kenya,592055,Egypt,1001776
1773,0.22362,United States of America,7930927,Congo,345333
1774,0.22375,Turkmenistan,470916,Bulgaria,112612
1775,0.22420,Ecuador,246415,Afghanistan,641832
1776,0.22431,Germany,355533,China,9336905
1777,0.22444,Mauritania,1035187,Egypt,1001776
1778,0.22445,Papua New Guinea,399427,Honduras,112883
1779,0.22456,United Kingdom,216959,Turkmenistan,470916
1780,0.22467,United Kingdom,216959,Malaysia,194612
1781,0.22476,Indonesia,528768,Honduras,112883
1782,0.22483,Spain,494570,Bulgaria,112612
1783,0.22490,Papua New Guinea,399427,Laos,228233
1784,0.22491,Ukraine,571764,Saudi Arabia,1920589
1785,0.22492,Turkmenistan,470916,Mali,1254117
1786,0.22498,Madagascar,592372,Chad,1266562
1787,0.22498,Ecuador,246415,Greenland,2150928
1788,0.22498,Mali,1254117,Cambodia,180568
1789,0.22503,Ukraine,571764,Cameroon,463871
1790,0.22518,Uzbekistan,447617,New Zealand,149472
1791,0.22546,Cameroon,463871,Brazil,8418355
1792,0.22549,Uganda,241474,Egypt,1001776
1793,0.22565,India,3141579,Chad,1266562
1794,0.22575,Namibia,822543,Libya,1623722
1795,0.22588,Syria,185959,Namibia,822543
1796,0.22592,New Zealand,149472,Afghanistan,641832
1797,0.22592,Yemen,448856,Cameroon,463871
1798,0.22601,Mongolia,1564510,Laos,228233
1799,0.22602,Iran,1620461,China,9336905
1800,0.22607,Uruguay,177467,Niger,1181195
1801,0.22610,S. Sudan,621325,Central African Rep.,618323
1802,0.22616,Turkmenistan,470916,Tanzania,938765
1803,0.22616,South Africa,1249804,Botswana,579136
1804,0.22617,Mauritania,1035187,Afghanistan,641832
1805,0.22628,Turkmenistan,470916,Laos,228233
1806,0.22649,Yemen,448856,Libya,1623722
1807,0.22649,Syria,185959,Gabon,259500
1808,0.22651,Guatemala,108101,Angola,1237945
1809,0.22660,Syria,185959,Côte d'Ivoire,320867
1810,0.22666,Guatemala,108101,Colombia,1134360
1811,0.22674,South Africa,1249804,Pakistan,872782
1812,0.22678,Nicaragua,128749,India,3141579
1813,0.22682,Philippines,105018,Peru,1291023
1814,0.22682,Guyana,211023,Colombia,1134360
1815,0.22683,Thailand,512543,Myanmar,657126
1816,0.22693,United Kingdom,216959,Laos,228233
1817,0.22718,Zimbabwe,388993,Guatemala,108101
1818,0.22724,Yemen,448856,Colombia,1134360
1819,0.22730,Syria,185959,Spain,494570
1820,0.22740,Mongolia,1564510,Congo,345333
1821,0.22741,Peru,1291023,Paraguay,399948
1822,0.22743,Somaliland,167804,Eritrea,122461
1823,0.22751,United Kingdom,216959,Kyrgyzstan,199486
1824,0.22754,India,3141579,Burkina Faso,272627
1825,0.22754,Iran,1620461,Bolivia,1086627
1826,0.22756,Papua New Guinea,399427,Central African Rep.,618323
1827,0.22760,Paraguay,399948,Colombia,1134360
1828,0.22761,Mongolia,1564510,Mali,1254117
1829,0.22761,Mali,1254117,Afghanistan,641832
1830,0.22794,Paraguay,399948,Iraq,437232
1831,0.22796,Yemen,448856,Iraq,437232
1832,0.22808,Malawi,119162,Myanmar,657126
1833,0.22831,Somaliland,167804,Colombia,1134360
1834,0.22832,Philippines,105018,Argentina,2761111
1835,0.22834,Tunisia,156035,Syria,185959
1836,0.22840,Oman,308916,Cambodia,180568
1837,0.22841,Venezuela,908879,Poland,313763
1838,0.22842,Burkina Faso,272627,Botswana,579136
1839,0.22866,South Africa,1249804,Cameroon,463871
1840,0.22871,Mali,1254117,Cameroon,463871
1841,0.22881,Guatemala,108101,Bolivia,1086627
1842,0.22883,Saudi Arabia,1920589,Madagascar,592372
1843,0.22895,Syria,185959,Dem. Rep. Congo,2324445
1844,0.22898,Poland,313763,Egypt,1001776
1845,0.22903,China,9336905,Angola,1237945
1846,0.22906,Oman,308916,New Zealand,149472
1847,0.22912,Saudi Arabia,1920589,Dem. Rep. Congo,2324445
1848,0.22919,Cameroon,463871,Bulgaria,112612
1849,0.22921,Eritrea,122461,Argentina,2761111
1850,0.22933,Poland,313763,China,9336905
1851,0.22936,Mozambique,788286,Laos,228233
1852,0.22938,Ukraine,571764,Kyrgyzstan,199486
1853,0.22939,Yemen,448856,Cambodia,180568
1854,0.22951,Kyrgyzstan,199486,Myanmar,657126
1855,0.22953,Italy,251034,Afghanistan,641832
1856,0.22954,Uzbekistan,447617,Thailand,512543
1857,0.22957,Venezuela,908879,Germany,355533
1858,0.22960,Romania,236340,Honduras,112883
1859,0.22966,Venezuela,908879,Angola,1237945
1860,0.22968,Yemen,448856,Peru,1291023
1861,0.22973,India,3141579,Colombia,1134360
1862,0.22977,Yemen,448856,Brazil,8418355
1863,0.22979,Saudi Arabia,1920589,Guatemala,108101
1864,0.22982,Ukraine,571764,Kenya,592055
1865,0.22984,United States of America,7930927,Mauritania,1035187
1866,0.22988,Egypt,1001776,Côte d'Ivoire,320867
1867,0.22991,Somaliland,167804,Ethiopia,1127093
1868,0.22993,Tunisia,156035,Chad,1266562
1869,0.22993,Nigeria,907657,Namibia,822543
1870,0.22993,Somaliland,167804,Libya,1623722
1871,0.23017,Eritrea,122461,Cameroon,463871
1872,0.23039,Malawi,119162,Eritrea,122461
1873,0.23039,Uzbekistan,447617,Turkey,756928
1874,0.23044,Malaysia,194612,Myanmar,657126
1875,0.23046,Somalia,471542,Madagascar,592372
1876,0.23048,Turkmenistan,470916,Ecuador,246415
1877,0.23051,Oman,308916,Ethiopia,1127093
1878,0.23072,Gabon,259500,Burkina Faso,272627
1879,0.23073,Turkmenistan,470916,Italy,251034
1880,0.23091,Kenya,592055,Guatemala,108101
1881,0.23093,Romania,236340,Mali,1254117
1882,0.23105,Papua New Guinea,399427,Iceland,101819
1883,0.23115,Philippines,105018,Laos,228233
1884,0.23116,Uzbekistan,447617,Mongolia,1564510
1885,0.23117,Japan,227942,Argentina,2761111
1886,0.23121,Peru,1291023,Bangladesh,132676
1887,0.23121,Vietnam,326748,Chile,660283
1888,0.23124,Uzbekistan,447617,Afghanistan,641832
1889,0.23127,Iran,1620461,Gabon,259500
1890,0.23130,Ukraine,571764,Mongolia,1564510
1891,0.23136,Nicaragua,128749,Burkina Faso,272627
1892,0.23138,Ukraine,571764,Tajikistan,142239
1893,0.23143,Ukraine,571764,Bulgaria,112612
1894,0.23150,Sweden,441301,Mongolia,1564510
1895,0.23157,Philippines,105018,Myanmar,657126
1896,0.23160,Oman,308916,Nigeria,907657
1897,0.23160,Spain,494570,Colombia,1134360
1898,0.23165,Venezuela,908879,Ukraine,571764
1899,0.23183,Indonesia,528768,Benin,116105
1900,0.23189,Guyana,211023,Myanmar,657126
1901,0.23190,South Africa,1249804,Algeria,2319284
1902,0.23191,Iran,1620461,Finland,331769
1903,0.23201,United States of America,7930927,Argentina,2761111
1904,0.23202,Peru,1291023,Chad,1266562
1905,0.23208,Somalia,471542,Argentina,2761111
1906,0.23211,Ukraine,571764,Ghana,238558
1907,0.23214,Iran,1620461,Côte d'Ivoire,320867
1908,0.23217,North Korea,122582,Ghana,238558
1909,0.23221,Yemen,448856,Nigeria,907657
1910,0.23222,Guatemala,108101,Botswana,579136
1911,0.23238,Turkmenistan,470916,Germany,355533
1912,0.23254,Honduras,112883,Colombia,1134360
1913,0.23255,Turkmenistan,470916,Romania,236340
1914,0.23256,India,3141579,Guinea,243939
1915,0.23257,United States of America,7930927,Tajikistan,142239
1916,0.23262,Somaliland,167804,China,9336905
1917,0.23279,Congo,345333,Myanmar,657126
1918,0.23290,Tanzania,938765,Oman,308916
1919,0.23297,Uzbekistan,447617,Tunisia,156035
1920,0.23297,Iran,1620461,Australia,7601866
1921,0.23308,Syria,185959,Guatemala,108101
1922,0.23335,New Zealand,149472,Eritrea,122461
1923,0.23345,Peru,1291023,Brazil,8418355
1924,0.23352,Uzbekistan,447617,Guinea,243939
1925,0.23373,South Africa,1249804,India,3141579
1926,0.23374,Turkey,756928,Myanmar,657126
1927,0.23375,Philippines,105018,Greece,107234
1928,0.23384,Somaliland,167804,Nepal,146977
1929,0.23384,Somaliland,167804,Cambodia,180568
1930,0.23386,Uganda,241474,Honduras,112883
1931,0.23388,Venezuela,908879,France,538334
1932,0.23393,India,3141579,Bolivia,1086627
1933,0.23398,Egypt,1001776,China,9336905
1934,0.23399,Uruguay,177467,Ukraine,571764
1935,0.23399,Somaliland,167804,Mozambique,788286
1936,0.23405,Oman,308916,Germany,355533
1937,0.23410,Syria,185959,Suriname,144934
1938,0.23422,Egypt,1001776,Algeria,2319284
1939,0.23423,Niger,1181195,Congo,345333
1940,0.23430,South Africa,1249804,Finland,331769
1941,0.23435,Oman,308916,China,9336905
1942,0.23442,Finland,331769,Eritrea,122461
1943,0.23443,Suriname,144934,South Africa,1249804
1944,0.23443,South Africa,1249804,Nicaragua,128749
1945,0.23443,United States of America,7930927,Mozambique,788286
1946,0.23446,Zimbabwe,388993,Iran,1620461
1947,0.23448,Yemen,448856,Italy,251034
1948,0.23456,Peru,1291023,Benin,116105
1949,0.23461,Uruguay,177467,Guinea,243939
1950,0.23463,Paraguay,399948,Laos,228233
1951,0.23464,Tunisia,156035,Malaysia,194612
1952,0.23465,Thailand,512543,Japan,227942
1953,0.23470,Ethiopia,1127093,Afghanistan,641832
1954,0.23472,Ghana,238558,Dem. Rep. Congo,2324445
1955,0.23483,United Kingdom,216959,Sweden,441301
1956,0.23484,Turkey,756928,Tanzania,938765
1957,0.23485,Romania,236340,Pakistan,872782
1958,0.23498,Uruguay,177467,Greenland,2150928
1959,0.23503,Iraq,437232,Egypt,1001776
1960,0.23507,Bulgaria,112612,Benin,116105
1961,0.23516,Mali,1254117,Australia,7601866
1962,0.23522,Myanmar,657126,Burkina Faso,272627
1963,0.23529,Zimbabwe,388993,Egypt,1001776
1964,0.23534,Sudan,1856663,Niger,1181195
1965,0.23535,Tajikistan,142239,India,3141579
1966,0.23540,Cambodia,180568,Afghanistan,641832
1967,0.23545,Sudan,1856663,Mali,1254117
1968,0.23545,Russia,16530760,Madagascar,592372
1969,0.23546,Malaysia,194612,Eritrea,122461
1970,0.23550,Guinea,243939,Australia,7601866
1971,0.23552,Nicaragua,128749,Colombia,1134360
1972,0.23560,Ukraine,571764,Australia,7601866
1973,0.23567,Turkey,756928,Somalia,471542
1974,0.23580,S. Sudan,621325,Cameroon,463871
1975,0.23581,South Africa,1249804,Egypt,1001776
1976,0.23593,Ukraine,571764,Angola,1237945
1977,0.23599,Greenland,2150928,Belarus,207560
1978,0.23611,Morocco,581746,Finland,331769
1979,0.23615,Turkey,756928,Malaysia,194612
1980,0.23617,Papua New Guinea,399427,Benin,116105
1981,0.23622,Tanzania,938765,Honduras,112883
1982,0.23626,Somaliland,167804,Congo,345333
1983,0.23640,Malawi,119162,Honduras,112883
1984,0.23642,Dem. Rep. Congo,2324445,Bulgaria,112612
1985,0.23644,Somaliland,167804,Germany,355533
1986,0.23650,Sudan,1856663,Guinea,243939
1987,0.23650,Guyana,211023,Cameroon,463871
1988,0.23652,Congo,345333,Afghanistan,641832
1989,0.23652,Tajikistan,142239,Somaliland,167804
1990,0.23654,Papua New Guinea,399427,Madagascar,592372
1991,0.23654,S. Sudan,621325,Peru,1291023
1992,0.23657,Mongolia,1564510,Germany,355533
1993,0.23657,Turkmenistan,470916,Ghana,238558
1994,0.23668,Tunisia,156035,Peru,1291023
1995,0.23675,Mali,1254117,Madagascar,592372
1996,0.23682,Japan,227942,Finland,331769
1997,0.23688,Kenya,592055,Central African Rep.,618323
1998,0.23694,Zimbabwe,388993,Burkina Faso,272627
1999,0.23695,Greenland,2150928,Argentina,2761111
2000,0.23710,Iran,1620461,Botswana,579136
2001,0.23719,Turkey,756928,Bulgaria,112612
2002,0.23723,Egypt,1001776,Colombia,1134360
2003,0.23728,Uzbekistan,447617,Congo,345333
2004,0.23732,Mali,1254117,India,3141579
2005,0.23734,Namibia,822543,Cambodia,180568
2006,0.23736,Venezuela,908879,Australia,7601866
2007,0.23753,Venezuela,908879,United States of America,7930927
2008,0.23756,Guatemala,108101,Central African Rep.,618323
2009,0.23764,Tajikistan,142239,Central African Rep.,618323
2010,0.23767,Guatemala,108101,Bulgaria,112612
2011,0.23773,Pakistan,872782,Iraq,437232
2012,0.23789,Somaliland,167804,Mauritania,1035187
2013,0.23810,Ukraine,571764,Greenland,2150928
2014,0.23816,Venezuela,908879,Mongolia,1564510
2015,0.23820,Turkmenistan,470916,Nigeria,907657
2016,0.23821,Uganda,241474,Turkmenistan,470916
2017,0.23822,Tanzania,938765,China,9336905
2018,0.23825,India,3141579,Cambodia,180568
2019,0.23840,Oman,308916,Japan,227942
2020,0.23841,Burkina Faso,272627,Angola,1237945
2021,0.23845,Paraguay,399948,Myanmar,657126
2022,0.23852,Malaysia,194612,Japan,227942
2023,0.23853,Mongolia,1564510,Iraq,437232
2024,0.23853,Tajikistan,142239,Brazil,8418355
2025,0.23867,India,3141579,Algeria,2319284
2026,0.23869,Malawi,119162,Japan,227942
2027,0.23873,Uruguay,177467,Central African Rep.,618323
2028,0.23882,Uzbekistan,447617,Niger,1181195
2029,0.23882,United States of America,7930927,Ethiopia,1127093
2030,0.23885,Venezuela,908879,Sudan,1856663
2031,0.23893,Central African Rep.,618323,Australia,7601866
2032,0.23894,Laos,228233,Cameroon,463871
2033,0.23901,Yemen,448856,Sweden,441301
2034,0.23907,Mauritania,1035187,Mali,1254117
2035,0.23919,Mauritania,1035187,Cameroon,463871
2036,0.23921,Nepal,146977,Afghanistan,641832
2037,0.23927,Tajikistan,142239,Iceland,101819
2038,0.23929,Namibia,822543,Mali,1254117
2039,0.23929,Thailand,512543,Argentina,2761111
2040,0.23933,New Zealand,149472,Myanmar,657126
2041,0.23959,Poland,313763,Niger,1181195
2042,0.23972,Namibia,822543,Algeria,2319284
2043,0.23972,United Kingdom,216959,Oman,308916
2044,0.23976,United Kingdom,216959,Somaliland,167804
2045,0.23977,Ukraine,571764,Honduras,112883
2046,0.23977,Paraguay,399948,Nigeria,907657
2047,0.23982,Paraguay,399948,Cameroon,463871
2048,0.23989,Nigeria,907657,Mongolia,1564510
2049,0.23999,North Korea,122582,Eritrea,122461
2050,0.23999,Nepal,146977,Guyana,211023
2051,0.24001,Nigeria,907657,Guyana,211023
2052,0.24016,S. Sudan,621325,Somaliland,167804
2053,0.24017,Somalia,471542,Benin,116105
2054,0.24029,Iraq,437232,Guyana,211023
2055,0.24031,Turkmenistan,470916,Iraq,437232
2056,0.24032,Syria,185959,Argentina,2761111
2057,0.24040,Peru,1291023,Congo,345333
2058,0.24045,United States of America,7930927,Colombia,1134360
2059,0.24053,Paraguay,399948,Ethiopia,1127093
2060,0.24062,Paraguay,399948,Australia,7601866
2061,0.24066,Tajikistan,142239,Indonesia,528768
2062,0.24074,Turkey,756928,Ghana,238558
2063,0.24081,Namibia,822543,Australia,7601866
2064,0.24087,Niger,1181195,New Zealand,149472
2065,0.24103,Gabon,259500,China,9336905
2066,0.24112,Namibia,822543,Guatemala,108101
2067,0.24120,Mozambique,788286,Argentina,2761111
2068,0.24139,Ukraine,571764,Nicaragua,128749
2069,0.24147,Ukraine,571764,Poland,313763
2070,0.24147,Niger,1181195,Laos,228233
2071,0.24157,Finland,331769,Cameroon,463871
2072,0.24163,Philippines,105018,Italy,251034
2073,0.24167,Mozambique,788286,Mali,1254117
2074,0.24168,United States of America,7930927,Nigeria,907657
2075,0.24172,Côte d'Ivoire,320867,Burkina Faso,272627
2076,0.24186,Venezuela,908879,Suriname,144934
2077,0.24187,Somaliland,167804,Kyrgyzstan,199486
2078,0.24191,New Zealand,149472,Central African Rep.,618323
2079,0.24196,Mozambique,788286,Guinea,243939
2080,0.24196,United Kingdom,216959,Thailand,512543
2081,0.24201,North Korea,122582,Japan,227942
2082,0.24207,Turkmenistan,470916,New Zealand,149472
2083,0.24208,Venezuela,908879,Honduras,112883
2084,0.24211,Turkmenistan,470916,Kyrgyzstan,199486
2085,0.24213,Mali,1254117,Germany,355533
2086,0.24214,Mali,1254117,Kenya,592055
2087,0.24225,Papua New Guinea,399427,Niger,1181195
2088,0.24226,United States of America,7930927,Madagascar,592372
2089,0.24228,Côte d'Ivoire,320867,China,9336905
2090,0.24238,Mongolia,1564510,Ecuador,246415
2091,0.24245,Tanzania,938765,Guatemala,108101
2092,0.24251,Kenya,592055,Greenland,2150928
2093,0.24262,United States of America,7930927,Brazil,8418355
2094,0.24274,Yemen,448856,Ethiopia,1127093
2095,0.24277,North Korea,122582,Nepal,146977
2096,0.24283,S. Sudan,621325,Oman,308916
2097,0.24286,Pakistan,872782,Brazil,8418355
2098,0.24288,South Africa,1249804,North Korea,122582
2099,0.24294,Russia,16530760,Honduras,112883
2100,0.24300,Pakistan,872782,Malawi,119162
2101,0.24308,South Africa,1249804,Dem. Rep. Congo,2324445
2102,0.24312,Madagascar,592372,Eritrea,122461
2103,0.24312,Mozambique,788286,Bangladesh,132676
2104,0.24313,Madagascar,592372,Bulgaria,112612
2105,0.24322,Syria,185959,Myanmar,657126
2106,0.24324,United States of America,7930927,Guatemala,108101
2107,0.24329,Uganda,241474,Guyana,211023
2108,0.24337,Papua New Guinea,399427,Congo,345333
2109,0.24353,India,3141579,Central African Rep.,618323
2110,0.24353,Egypt,1001776,Cambodia,180568
2111,0.24357,Niger,1181195,Guatemala,108101
2112,0.24360,Tajikistan,142239,Burkina Faso,272627
2113,0.24392,Paraguay,399948,Guatemala,108101
2114,0.24396,Uzbekistan,447617,Cameroon,463871
2115,0.24399,Oman,308916,Mauritania,1035187
2116,0.24406,Spain,494570,Germany,355533
2117,0.24418,Tunisia,156035,Malawi,119162
2118,0.24420,Ukraine,571764,Tanzania,938765
2119,0.24435,Uruguay,177467,Egypt,1001776
2120,0.24436,Tajikistan,142239,Paraguay,399948
2121,0.24441,Tunisia,156035,Mali,1254117
2122,0.24447,Namibia,822543,Burkina Faso,272627
2123,0.24454,United States of America,7930927,Myanmar,657126
2124,0.24456,Paraguay,399948,New Zealand,149472
2125,0.24470,Oman,308916,Guatemala,108101
2126,0.24487,Iceland,101819,Guinea,243939
2127,0.24491,Tajikistan,142239,Namibia,822543
2128,0.24492,Somaliland,167804,Japan,227942
2129,0.24504,Niger,1181195,Kenya,592055
2130,0.24504,United States of America,7930927,Chad,1266562
2131,0.24505,Germany,355533,Dem. Rep. Congo,2324445
2132,0.24510,Venezuela,908879,Côte d'Ivoire,320867
2133,0.24514,New Zealand,149472,Japan,227942
2134,0.24522,Kyrgyzstan,199486,Cameroon,463871
2135,0.24534,Somalia,471542,Mexico,1953076
2136,0.24534,United States of America,7930927,Uganda,241474
2137,0.24543,South Africa,1249804,Argentina,2761111
2138,0.24555,Burkina Faso,272627,Algeria,2319284
2139,0.24563,Guinea,243939,Congo,345333
2140,0.24563,Suriname,144934,Iran,1620461
2141,0.24566,Iran,1620461,Cameroon,463871
2142,0.24568,Ethiopia,1127093,Cameroon,463871
2143,0.24569,Tajikistan,142239,Myanmar,657126
2144,0.24577,Venezuela,908879,Turkmenistan,470916
2145,0.24585,Ukraine,571764,Bolivia,1086627
2146,0.24586,Iran,1620461,Argentina,2761111
2147,0.24592,Ghana,238558,Benin,116105
2148,0.24599,Turkey,756928,Cameroon,463871
2149,0.24604,Italy,251034,Guinea,243939
2150,0.24607,Mali,1254117,Finland,331769
2151,0.24611,Zambia,752775,Kyrgyzstan,199486
2152,0.24619,Spain,494570,South Africa,1249804
2153,0.24642,Oman,308916,Nepal,146977
2154,0.24649,Venezuela,908879,Mali,1254117
2155,0.24667,United Kingdom,216959,Mozambique,788286
2156,0.24667,Ukraine,571764,Algeria,2319284
2157,0.24670,Spain,494570,Burkina Faso,272627
2158,0.24671,United Kingdom,216959,Mongolia,1564510
2159,0.24679,Syria,185959,Finland,331769
2160,0.24683,Venezuela,908879,Gabon,259500
2161,0.24687,Nigeria,907657,Cameroon,463871
2162,0.24691,Guyana,211023,Cambodia,180568
2163,0.24696,Papua New Guinea,399427,Pakistan,872782
2164,0.24706,Libya,1623722,India,3141579
2165,0.24712,United States of America,7930927,Russia,16530760
2166,0.24716,Turkmenistan,470916,Mauritania,1035187
2167,0.24723,Ghana,238558,Cameroon,463871
2168,0.24733,United States of America,7930927,Egypt,1001776
2169,0.24737,Brazil,8418355,Afghanistan,641832
2170,0.24742,Peru,1291023,North Korea,122582
2171,0.24756,Peru,1291023,Ethiopia,1127093
2172,0.24758,Saudi Arabia,1920589,Peru,1291023
2173,0.24763,Mali,1254117,Congo,345333
2174,0.24765,Libya,1623722,Afghanistan,641832
2175,0.24776,Turkmenistan,470916,Sweden,441301
2176,0.24778,Zambia,752775,Canada,8142222
2177,0.24780,India,3141579,France,538334
2178,0.24781,Pakistan,872782,Mali,1254117
2179,0.24782,Mozambique,788286,Central African Rep.,618323
2180,0.24783,Paraguay,399948,Nepal,146977
2181,0.24799,Guinea,243939,Belarus,207560
2182,0.24811,United States of America,7930927,Iran,1620461
2183,0.24813,South Africa,1249804,Benin,116105
2184,0.24816,Saudi Arabia,1920589,Namibia,822543
2185,0.24819,Mali,1254117,Egypt,1001776
2186,0.24827,Russia,16530760,Mongolia,1564510
2187,0.24831,Guinea,243939,Bolivia,1086627
2188,0.24832,Tajikistan,142239,Iraq,437232
2189,0.24833,Papua New Guinea,399427,Bangladesh,132676
2190,0.24846,Papua New Guinea,399427,Afghanistan,641832
2191,0.24851,Kyrgyzstan,199486,Iceland,101819
2192,0.24854,Sweden,441301,Afghanistan,641832
2193,0.24863,Mali,1254117,France,538334
2194,0.24865,Oman,308916,Congo,345333
2195,0.24865,Morocco,581746,Mexico,1953076
2196,0.24898,Poland,313763,Greenland,2150928
2197,0.24901,Uzbekistan,447617,Nepal,146977
2198,0.24905,Poland,313763,Guinea,243939
2199,0.24914,Egypt,1001776,Brazil,8418355
2200,0.24920,Niger,1181195,Bolivia,1086627
2201,0.24925,Peru,1291023,Mauritania,1035187
2202,0.24933,Central African Rep.,618323,Belarus,207560
2203,0.24937,Vietnam,326748,Malawi,119162
2204,0.24947,Suriname,144934,Guatemala,108101
2205,0.24969,Turkmenistan,470916,Papua New Guinea,399427
2206,0.24975,Yemen,448856,Malawi,119162
2207,0.24985,Russia,16530760,Myanmar,657126
2208,0.25002,Namibia,822543,Botswana,579136
2209,0.25007,Iraq,437232,Honduras,112883
2210,0.25011,Morocco,581746,Benin,116105
2211,0.25015,Uganda,241474,Peru,1291023
2212,0.25019,Tunisia,156035,Saudi Arabia,1920589
2213,0.25030,Uruguay,177467,Namibia,822543
2214,0.25032,Namibia,822543,Belarus,207560
2215,0.25035,Kenya,592055,India,3141579
2216,0.25040,United Kingdom,216959,Turkey,756928
2217,0.25041,Mozambique,788286,Benin,116105
2218,0.25042,Honduras,112883,Ecuador,246415
2219,0.25057,North Korea,122582,Colombia,1134360
2220,0.25080,Turkey,756928,Romania,236340
2221,0.25099,Honduras,112883,Eritrea,122461
2222,0.25107,Russia,16530760,Kyrgyzstan,199486
2223,0.25124,Kenya,592055,Guinea,243939
2224,0.25128,Greenland,2150928,China,9336905
2225,0.25133,Tajikistan,142239,Ecuador,246415
2226,0.25137,Suriname,144934,Egypt,1001776
2227,0.25143,India,3141579,Belarus,207560
2228,0.25165,Paraguay,399948,Ecuador,246415
2229,0.25170,Niger,1181195,Belarus,207560
2230,0.25173,Namibia,822543,Kenya,592055
2231,0.25182,Papua New Guinea,399427,Mongolia,1564510
2232,0.25188,Ukraine,571764,Belarus,207560
2233,0.25189,Congo,345333,Bangladesh,132676
2234,0.25189,Tanzania,938765,Madagascar,592372
2235,0.25193,Malawi,119162,Guyana,211023
2236,0.25195,Tanzania,938765,Dem. Rep. Congo,2324445
2237,0.25204,Madagascar,592372,Indonesia,528768
2238,0.25216,Ecuador,246415,Bangladesh,132676
2239,0.25226,Morocco,581746,Argentina,2761111
2240,0.25234,Yemen,448856,Venezuela,908879
2241,0.25241,United Kingdom,216959,Peru,1291023
2242,0.25242,Sudan,1856663,Greenland,2150928
2243,0.25246,Ukraine,571764,Congo,345333
2244,0.25258,Madagascar,592372,Ghana,238558
2245,0.25272,Niger,1181195,Nepal,146977
2246,0.25272,Peru,1291023,Iran,1620461
2247,0.25284,Turkey,756928,Peru,1291023
2248,0.25291,Uzbekistan,447617,Sweden,441301
2249,0.25292,Mexico,1953076,Laos,228233
2250,0.25294,Russia,16530760,Papua New Guinea,399427
2251,0.25305,South Africa,1249804,Congo,345333
2252,0.25312,Romania,236340,Cameroon,463871
2253,0.25313,United States of America,7930927,Libya,1623722
2254,0.25317,Vietnam,326748,Italy,251034
2255,0.25323,Philippines,105018,Finland,331769
2256,0.25338,United Kingdom,216959,Mexico,1953076
2257,0.25341,Central African Rep.,618323,Bolivia,1086627
2258,0.25343,Yemen,448856,Uzbekistan,447617
2259,0.25348,Mali,1254117,Guyana,211023
2260,0.25356,Mongolia,1564510,Ethiopia,1127093
2261,0.25356,Egypt,1001776,Australia,7601866
2262,0.25360,Philippines,105018,Cameroon,463871
2263,0.25360,Zimbabwe,388993,Ukraine,571764
2264,0.25364,Oman,308916,Kyrgyzstan,199486
2265,0.25371,Paraguay,399948,Argentina,2761111
2266,0.25380,Tanzania,938765,North Korea,122582
2267,0.25385,New Zealand,149472,Greenland,2150928
2268,0.25393,Tunisia,156035,Somalia,471542
2269,0.25398,Saudi Arabia,1920589,India,3141579
2270,0.25398,Namibia,822543,Chad,1266562
2271,0.25409,Sudan,1856663,Central African Rep.,618323
2272,0.25410,Tanzania,938765,Spain,494570
2273,0.25411,Mongolia,1564510,Mauritania,1035187
2274,0.25412,Niger,1181195,Italy,251034
2275,0.25414,China,9336905,Afghanistan,641832
2276,0.25415,Venezuela,908879,Guyana,211023
2277,0.25417,Tunisia,156035,Colombia,1134360
2278,0.25417,Kyrgyzstan,199486,India,3141579
2279,0.25418,Tanzania,938765,Pakistan,872782
2280,0.25420,United States of America,7930927,Finland,331769
2281,0.25423,United Kingdom,216959,Benin,116105
2282,0.25425,India,3141579,Australia,7601866
2283,0.25425,New Zealand,149472,Guinea,243939
2284,0.25438,Iceland,101819,Guatemala,108101
2285,0.25441,Kyrgyzstan,199486,Guinea,243939
2286,0.25443,Uganda,241474,Namibia,822543
2287,0.25449,Thailand,512543,Peru,1291023
2288,0.25452,Mongolia,1564510,Libya,1623722
2289,0.25455,Venezuela,908879,Peru,1291023
2290,0.25456,Mongolia,1564510,Cambodia,180568
2291,0.25458,Yemen,448856,Ecuador,246415
2292,0.25468,Tajikistan,142239,Pakistan,872782
2293,0.25468,Italy,251034,Cameroon,463871
2294,0.25472,Romania,236340,North Korea,122582
2295,0.25474,Madagascar,592372,Japan,227942
2296,0.25477,Tunisia,156035,Papua New Guinea,399427
2297,0.25484,Peru,1291023,Libya,1623722
2298,0.25485,Sweden,441301,Mexico,1953076
2299,0.25491,Sweden,441301,Somaliland,167804
2300,0.25499,Niger,1181195,India,3141579
2301,0.25501,Pakistan,872782,Colombia,1134360
2302,0.25502,S. Sudan,621325,Greenland,2150928
2303,0.25510,Turkmenistan,470916,Nepal,146977
2304,0.25511,Namibia,822543,Guinea,243939
2305,0.25518,Somaliland,167804,Guatemala,108101
2306,0.25524,Somaliland,167804,India,3141579
2307,0.25546,Mali,1254117,Benin,116105
2308,0.25548,United Kingdom,216959,Guinea,243939
2309,0.25556,Iran,1620461,Algeria,2319284
2310,0.25557,Zimbabwe,388993,Namibia,822543
2311,0.25571,Greenland,2150928,Bolivia,1086627
2312,0.25572,United States of America,7930927,Saudi Arabia,1920589
2313,0.25575,Uzbekistan,447617,Somalia,471542
2314,0.25575,Pakistan,872782,Mozambique,788286
2315,0.25575,Dem. Rep. Congo,2324445,Burkina Faso,272627
2316,0.25575,India,3141579,Egypt,1001776
2317,0.25584,Peru,1291023,Nigeria,907657
2318,0.25586,Iceland,101819,Ecuador,246415
2319,0.25605,Spain,494570,Mali,1254117
2320,0.25616,Malaysia,194612,Honduras,112883
2321,0.25623,Papua New Guinea,399427,Greenland,2150928
2322,0.25623,Tajikistan,142239,Bangladesh,132676
2323,0.25650,Italy,251034,Guyana,211023
2324,0.25655,Papua New Guinea,399427,Burkina Faso,272627
2325,0.25656,United Kingdom,216959,Afghanistan,641832
2326,0.25683,Eritrea,122461,Central African Rep.,618323
2327,0.25699,Mali,1254117,Kyrgyzstan,199486
2328,0.25715,Russia,16530760,Afghanistan,641832
2329,0.25720,Uzbekistan,447617,Peru,1291023
2330,0.25735,United Kingdom,216959,Malawi,119162
2331,0.25741,United Kingdom,216959,New Zealand,149472
2332,0.25752,Turkmenistan,470916,India,3141579
2333,0.25754,Venezuela,908879,North Korea,122582
2334,0.25761,Oman,308916,India,3141579
2335,0.25772,Uruguay,177467,Afghanistan,641832
2336,0.25778,Morocco,581746,Madagascar,592372
2337,0.25790,United Kingdom,216959,Nepal,146977
2338,0.25805,Italy,251034,Greenland,2150928
2339,0.25833,Uganda,241474,Pakistan,872782
2340,0.25837,Poland,313763,Central African Rep.,618323
2341,0.25840,United States of America,7930927,Romania,236340
2342,0.25846,S. Sudan,621325,Afghanistan,641832
2343,0.25857,Nigeria,907657,Honduras,112883
2344,0.25858,Nicaragua,128749,Guinea,243939
2345,0.25864,Somaliland,167804,Philippines,105018
2346,0.25866,Uzbekistan,447617,Burkina Faso,272627
2347,0.25871,North Korea,122582,Mali,1254117
2348,0.25882,Morocco,581746,Eritrea,122461
2349,0.25886,Zimbabwe,388993,India,3141579
2350,0.25887,Mozambique,788286,Finland,331769
2351,0.25891,Iran,1620461,Myanmar,657126
2352,0.25892,Mozambique,788286,Madagascar,592372
2353,0.25894,United States of America,7930927,Tunisia,156035
2354,0.25894,Mali,1254117,Iceland,101819
2355,0.25896,Venezuela,908879,Guatemala,108101
2356,0.25898,Niger,1181195,Australia,7601866
2357,0.25898,Norway,312323,Malawi,119162
2358,0.25924,Sweden,441301,Russia,16530760
2359,0.25936,Mongolia,1564510,Brazil,8418355
2360,0.25942,Turkey,756928,Germany,355533
2361,0.25943,United Kingdom,216959,Niger,1181195
2362,0.25953,Guatemala,108101,Cameroon,463871
2363,0.25953,Laos,228233,Burkina Faso,272627
2364,0.25954,Namibia,822543,Bulgaria,112612
2365,0.25965,Yemen,448856,Mauritania,1035187
2366,0.25966,Guyana,211023,Brazil,8418355
2367,0.25975,Turkey,756928,Congo,345333
2368,0.25977,Tunisia,156035,Tanzania,938765
2369,0.25979,Tunisia,156035,Bulgaria,112612
2370,0.25980,Peru,1291023,Ghana,238558
2371,0.25984,United States of America,7930927,Greenland,2150928
2372,0.25986,France,538334,Greenland,2150928
2373,0.25991,Peru,1291023,Cambodia,180568
2374,0.26012,Turkmenistan,470916,China,9336905
2375,0.26018,Iceland,101819,Bangladesh,132676
2376,0.26028,United States of America,7930927,Cambodia,180568
2377,0.26035,Uruguay,177467,Mali,1254117
2378,0.26035,Oman,308916,Australia,7601866
2379,0.26039,Mozambique,788286,Italy,251034
2380,0.26044,Zambia,752775,United States of America,7930927
2381,0.26045,Mozambique,788286,Greece,107234
2382,0.26057,Peru,1291023,Bulgaria,112612
2383,0.26063,Malawi,119162,Central African Rep.,618323
2384,0.26063,Peru,1291023,Colombia,1134360
2385,0.26070,Sweden,441301,Guyana,211023
2386,0.26075,Peru,1291023,Laos,228233
2387,0.26079,Uganda,241474,India,3141579
2388,0.26081,Thailand,512543,Eritrea,122461
2389,0.26090,Ukraine,571764,Tunisia,156035
2390,0.26092,Thailand,512543,Russia,16530760
2391,0.26098,Honduras,112883,Germany,355533
2392,0.26100,Turkmenistan,470916,Ethiopia,1127093
2393,0.26104,India,3141579,Bangladesh,132676
2394,0.26111,Yemen,448856,Uruguay,177467
2395,0.26113,Cameroon,463871,Cambodia,180568
2396,0.26115,Tunisia,156035,Cameroon,463871
2397,0.26116,Turkey,756928,Indonesia,528768
2398,0.26121,Zambia,752775,Bangladesh,132676
2399,0.26136,Gabon,259500,Greenland,2150928
2400,0.26141,Oman,308916,Malawi,119162
2401,0.26142,Philippines,105018,Oman,308916
2402,0.26144,Ukraine,571764,Paraguay,399948
2403,0.26149,Uzbekistan,447617,Russia,16530760
2404,0.26157,Turkey,756928,Morocco,581746
2405,0.26157,Uruguay,177467,Paraguay,399948
2406,0.26163,Nepal,146977,Eritrea,122461
2407,0.26163,Tanzania,938765,Mali,1254117
2408,0.26168,Iran,1620461,Guatemala,108101
2409,0.26173,Tunisia,156035,Ghana,238558
2410,0.26180,Pakistan,872782,China,9336905
2411,0.26189,Vietnam,326748,Sweden,441301
2412,0.26195,Ukraine,571764,Botswana,579136
2413,0.26206,United States of America,7930927,Pakistan,872782
2414,0.26219,Nepal,146977,Central African Rep.,618323
2415,0.26220,Romania,236340,Namibia,822543
2416,0.26223,Romania,236340,Egypt,1001776
2417,0.26227,Oman,308916,Namibia,822543
2418,0.26228,Libya,1623722,Guyana,211023
2419,0.26229,Madagascar,592372,Colombia,1134360
2420,0.26239,United Kingdom,216959,North Korea,122582
2421,0.26246,Japan,227942,Honduras,112883
2422,0.26253,Nicaragua,128749,Egypt,1001776
2423,0.26253,Russia,16530760,Niger,1181195
2424,0.26279,Ukraine,571764,Côte d'Ivoire,320867
2425,0.26279,South Africa,1249804,Iceland,101819
2426,0.26284,Sudan,1856663,Paraguay,399948
2427,0.26285,North Korea,122582,Mozambique,788286
2428,0.26294,Cameroon,463871,Bolivia,1086627
2429,0.26304,Thailand,512543,Finland,331769
2430,0.26306,Guinea,243939,Eritrea,122461
2431,0.26308,Suriname,144934,China,9336905
2432,0.26308,Romania,236340,Peru,1291023
2433,0.26321,Libya,1623722,Cameroon,463871
2434,0.26330,Guyana,211023,Ethiopia,1127093
2435,0.26331,India,3141579,Bulgaria,112612
2436,0.26332,Somaliland,167804,Russia,16530760
2437,0.26350,Nicaragua,128749,Greenland,2150928
2438,0.26351,Libya,1623722,Honduras,112883
2439,0.26368,Honduras,112883,Brazil,8418355
2440,0.26379,Mexico,1953076,Malawi,119162
2441,0.26380,United States of America,7930927,United Kingdom,216959
2442,0.26381,Ukraine,571764,Madagascar,592372
2443,0.26386,Poland,313763,Paraguay,399948
2444,0.26386,Uruguay,177467,Somaliland,167804
2445,0.26390,Pakistan,872782,Nepal,146977
2446,0.26397,Uzbekistan,447617,Guyana,211023
2447,0.26411,Paraguay,399948,Mauritania,1035187
2448,0.26423,Romania,236340,India,3141579
2449,0.26426,Mongolia,1564510,Malawi,119162
2450,0.26434,Romania,236340,Madagascar,592372
2451,0.26441,Kyrgyzstan,199486,Finland,331769
2452,0.26457,South Africa,1249804,Myanmar,657126
2453,0.26460,Congo,345333,Central African Rep.,618323
2454,0.26471,Tajikistan,142239,Niger,1181195
2455,0.26478,Colombia,1134360,Cameroon,463871
2456,0.26482,Pakistan,872782,Nigeria,907657
2457,0.26488,Nepal,146977,Guinea,243939
2458,0.26493,Uzbekistan,447617,United States of America,7930927
2459,0.26495,Somaliland,167804,Malawi,119162
2460,0.26496,United States of America,7930927,Bulgaria,112612
2461,0.26496,Yemen,448856,Papua New Guinea,399427
2462,0.26496,Niger,1181195,Gabon,259500
2463,0.26500,Turkmenistan,470916,Cambodia,180568
2464,0.26515,Thailand,512543,Italy,251034
2465,0.26524,Yemen,448856,Ukraine,571764
2466,0.26532,Tajikistan,142239,South Africa,1249804
2467,0.26550,Sweden,441301,Congo,345333
2468,0.26553,Guinea,243939,France,538334
2469,0.26553,Japan,227942,Central African Rep.,618323
2470,0.26558,Papua New Guinea,399427,Greece,107234
2471,0.26561,Uganda,241474,Cameroon,463871
2472,0.26562,Tunisia,156035,Germany,355533
2473,0.26583,Sudan,1856663,Afghanistan,641832
2474,0.26595,Venezuela,908879,Paraguay,399948
2475,0.26606,North Korea,122582,Germany,355533
2476,0.26622,Mali,1254117,Angola,1237945
2477,0.26631,Somaliland,167804,Namibia,822543
2478,0.26651,Suriname,144934,Burkina Faso,272627
2479,0.26651,Paraguay,399948,Papua New Guinea,399427
2480,0.26657,Mauritania,1035187,Guyana,211023
2481,0.26659,Nepal,146977,Myanmar,657126
2482,0.26663,United States of America,7930927,Sudan,1856663
2483,0.26666,Russia,16530760,Peru,1291023
2484,0.26673,Ukraine,571764,Papua New Guinea,399427
2485,0.26679,Uruguay,177467,India,3141579
2486,0.26680,France,538334,Central African Rep.,618323
2487,0.26686,Mozambique,788286,India,3141579
2488,0.26691,Zambia,752775,Peru,1291023
2489,0.26702,Somalia,471542,Honduras,112883
2490,0.26707,United Kingdom,216959,Central African Rep.,618323
2491,0.26726,Tajikistan,142239,China,9336905
2492,0.26728,Pakistan,872782,Mauritania,1035187
2493,0.26735,India,3141579,Greenland,2150928
2494,0.26739,Namibia,822543,France,538334
2495,0.26747,India,3141579,Botswana,579136
2496,0.26752,North Korea,122582,Malaysia,194612
2497,0.26769,Pakistan,872782,Cambodia,180568
2498,0.26770,Greenland,2150928,Botswana,579136
2499,0.26789,Tanzania,938765,Benin,116105
2500,0.26792,Mali,1254117,Gabon,259500
2501,0.26795,Namibia,822543,Central African Rep.,618323
2502,0.26795,Mexico,1953076,Italy,251034
2503,0.26797,Nicaragua,128749,Cameroon,463871
2504,0.26799,Finland,331769,Chad,1266562
2505,0.26808,Peru,1291023,Guyana,211023
2506,0.26810,Niger,1181195,Kyrgyzstan,199486
2507,0.26815,Sweden,441301,Myanmar,657126
2508,0.26819,Somaliland,167804,Iceland,101819
2509,0.26833,Tunisia,156035,Indonesia,528768
2510,0.26840,North Korea,122582,Iraq,437232
2511,0.26848,Guinea,243939,Gabon,259500
2512,0.26848,Uzbekistan,447617,Morocco,581746
2513,0.26851,Madagascar,592372,Germany,355533
2514,0.26858,Turkey,756928,Colombia,1134360
2515,0.26859,Yemen,448856,United States of America,7930927
2516,0.26896,Niger,1181195,France,538334
2517,0.26903,Turkmenistan,470916,Malawi,119162
2518,0.26904,North Korea,122582,China,9336905
2519,0.26906,India,3141579,Angola,1237945
2520,0.26939,Philippines,105018,Benin,116105
2521,0.26941,Pakistan,872782,Germany,355533
2522,0.26941,United States of America,7930927,Dem. Rep. Congo,2324445
2523,0.26948,Indonesia,528768,Egypt,1001776
2524,0.26954,Uganda,241474,North Korea,122582
2525,0.26959,Venezuela,908879,Benin,116105
2526,0.26962,Honduras,112883,Ethiopia,1127093
2527,0.26973,United States of America,7930927,Philippines,105018
2528,0.26978,Peru,1291023,Japan,227942
2529,0.26981,Kyrgyzstan,199486,Honduras,112883
2530,0.26984,Congo,345333,Burkina Faso,272627
2531,0.26995,Tunisia,156035,Romania,236340
2532,0.26995,Uruguay,177467,Oman,308916
2533,0.27003,Sweden,441301,Niger,1181195
2534,0.27003,Namibia,822543,Ghana,238558
2535,0.27014,Uganda,241474,Madagascar,592372
2536,0.27018,Paraguay,399948,Italy,251034
2537,0.27018,Vietnam,326748,Uzbekistan,447617
2538,0.27028,Yemen,448856,Poland,313763
2539,0.27031,Thailand,512543,Greece,107234
2540,0.27045,Japan,227942,Guinea,243939
2541,0.27045,South Africa,1249804,Namibia,822543
2542,0.27069,United States of America,7930927,Thailand,512543
2543,0.27077,Poland,313763,Afghanistan,641832
2544,0.27078,Indonesia,528768,Myanmar,657126
2545,0.27098,Tajikistan,142239,Philippines,105018
2546,0.27110,Tajikistan,142239,Chad,1266562
2547,0.27113,Yemen,448856,Eritrea,122461
2548,0.27113,Turkey,756928,Eritrea,122461
2549,0.27121,India,3141579,Afghanistan,641832
2550,0.27122,Uganda,241474,Turkey,756928
2551,0.27135,United States of America,7930927,Spain,494570
2552,0.27138,Madagascar,592372,Kyrgyzstan,199486
2553,0.27139,Peru,1291023,Eritrea,122461
2554,0.27148,Nepal,146977,Greenland,2150928
2555,0.27158,Egypt,1001776,Bolivia,1086627
2556,0.27159,Pakistan,872782,Libya,1623722
2557,0.27163,Kenya,592055,Afghanistan,641832
2558,0.27165,Niger,1181195,Botswana,579136
2559,0.27172,Poland,313763,Mali,1254117
2560,0.27179,Nicaragua,128749,Iran,1620461
2561,0.27186,Mozambique,788286,Honduras,112883
2562,0.27200,Vietnam,326748,United Kingdom,216959
2563,0.27202,Uruguay,177467,Mongolia,1564510
2564,0.27203,Russia,16530760,Iceland,101819
2565,0.27228,Ukraine,571764,Guyana,211023
2566,0.27239,Russia,16530760,Guinea,243939
2567,0.27241,Venezuela,908879,Madagascar,592372
2568,0.27251,Morocco,581746,Japan,227942
2569,0.27264,Iraq,437232,Benin,116105
2570,0.27265,Bolivia,1086627,Afghanistan,641832
2571,0.27269,Guyana,211023,Ecuador,246415
2572,0.27270,Honduras,112883,Cambodia,180568
2573,0.27273,Egypt,1001776,Belarus,207560
2574,0.27285,Paraguay,399948,Kenya,592055
2575,0.27286,United Kingdom,216959,Somalia,471542
2576,0.27288,Pakistan,872782,Ethiopia,1127093
2577,0.27303,North Korea,122582,Cambodia,180568
2578,0.27311,Guyana,211023,Guatemala,108101
2579,0.27319,Germany,355533,Egypt,1001776
2580,0.27320,Malawi,119162,Afghanistan,641832
2581,0.27327,China,9336905,Bangladesh,132676
2582,0.27327,Niger,1181195,Nicaragua,128749
2583,0.27328,Pakistan,872782,Ecuador,246415
2584,0.27333,Italy,251034,Congo,345333
2585,0.27341,Norway,312323,Mexico,1953076
2586,0.27345,Greenland,2150928,Côte d'Ivoire,320867
2587,0.27346,Yemen,448856,Sudan,1856663
2588,0.27349,Norway,312323,Italy,251034
2589,0.27364,Turkmenistan,470916,Libya,1623722
2590,0.27364,Oman,308916,Kenya,592055
2591,0.27373,North Korea,122582,Brazil,8418355
2592,0.27389,Turkmenistan,470916,Mozambique,788286
2593,0.27389,Philippines,105018,Madagascar,592372
2594,0.27391,Mauritania,1035187,Honduras,112883
2595,0.27398,Sweden,441301,Oman,308916
2596,0.27400,Tajikistan,142239,Kyrgyzstan,199486
2597,0.27408,Madagascar,592372,Iraq,437232
2598,0.27418,Yemen,448856,Australia,7601866
2599,0.27424,Niger,1181195,Iceland,101819
2600,0.27425,Ukraine,571764,Argentina,2761111
2601,0.27435,Ukraine,571764,Myanmar,657126
2602,0.27435,Guatemala,108101,Afghanistan,641832
2603,0.27438,Namibia,822543,Egypt,1001776
2604,0.27440,Saudi Arabia,1920589,Finland,331769
2605,0.27443,Mali,1254117,Argentina,2761111
2606,0.27448,Sudan,1856663,India,3141579
2607,0.27465,Belarus,207560,Afghanistan,641832
2608,0.27475,Spain,494570,Cameroon,463871
2609,0.27486,Uganda,241474,Tunisia,156035
2610,0.27489,Romania,236340,Benin,116105
2611,0.27495,Yemen,448856,Guatemala,108101
2612,0.27500,Nepal,146977,Mexico,1953076
2613,0.27502,United States of America,7930927,Ghana,238558
2614,0.27542,Sudan,1856663,Somaliland,167804
2615,0.27550,Eritrea,122461,Greenland,2150928
2616,0.27554,United Kingdom,216959,Eritrea,122461
2617,0.27558,Niger,1181195,Namibia,822543
2618,0.27559,Zimbabwe,388993,Niger,1181195
2619,0.27562,India,3141579,Ghana,238558
2620,0.27564,Guinea,243939,Botswana,579136
2621,0.27573,Central African Rep.,618323,Botswana,579136
2622,0.27578,S. Sudan,621325,Mongolia,1564510
2623,0.27584,Mozambique,788286,Burkina Faso,272627
2624,0.27589,Tajikistan,142239,Japan,227942
2625,0.27605,Mongolia,1564510,China,9336905
2626,0.27624,United Kingdom,216959,Bangladesh,132676
2627,0.27631,Paraguay,399948,Belarus,207560
2628,0.27640,Yemen,448856,Congo,345333
2629,0.27641,Egypt,1001776,Bangladesh,132676
2630,0.27643,Turkmenistan,470916,Brazil,8418355
2631,0.27655,India,3141579,Gabon,259500
2632,0.27659,India,3141579,Germany,355533
2633,0.27663,Honduras,112883,China,9336905
2634,0.27673,Nicaragua,128749,Central African Rep.,618323
2635,0.27679,Egypt,1001776,Botswana,579136
2636,0.27682,Turkmenistan,470916,S. Sudan,621325
2637,0.27690,Ukraine,571764,Pakistan,872782
2638,0.27723,Chad,1266562,Argentina,2761111
2639,0.27724,Thailand,512543,Cameroon,463871
2640,0.27732,Somalia,471542,Eritrea,122461
2641,0.27740,Sudan,1856663,Oman,308916
2642,0.27758,Japan,227942,Greenland,2150928
2643,0.27760,Madagascar,592372,Ecuador,246415
2644,0.27769,Iran,1620461,India,3141579
2645,0.27773,Sweden,441301,North Korea,122582
2646,0.27780,Spain,494570,Guinea,243939
2647,0.27788,Philippines,105018,Malaysia,194612
2648,0.27799,Gabon,259500,Central African Rep.,618323
2649,0.27811,Greenland,2150928,Angola,1237945
2650,0.27825,Zambia,752775,Ukraine,571764
2651,0.27830,Russia,16530760,Bangladesh,132676
2652,0.27831,Papua New Guinea,399427,North Korea,122582
2653,0.27844,Kyrgyzstan,199486,Afghanistan,641832
2654,0.27856,Niger,1181195,Mozambique,788286
2655,0.27860,Paraguay,399948,Gabon,259500
2656,0.27864,Yemen,448856,Kenya,592055
2657,0.27870,Uzbekistan,447617,Mali,1254117
2658,0.27887,Oman,308916,Bangladesh,132676
2659,0.27890,Vietnam,326748,New Zealand,149472
2660,0.27895,Chad,1266562,Myanmar,657126
2661,0.27901,New Zealand,149472,Mexico,1953076
2662,0.27912,Uzbekistan,447617,Syria,185959
2663,0.27931,Tajikistan,142239,Australia,7601866
2664,0.27933,Egypt,1001776,Chad,1266562
2665,0.27936,Namibia,822543,Colombia,1134360
2666,0.27942,Uzbekistan,447617,Greenland,2150928
2667,0.27948,United States of America,7930927,Paraguay,399948
2668,0.27958,South Africa,1249804,Bangladesh,132676
2669,0.27962,Tajikistan,142239,Syria,185959
2670,0.27977,Yemen,448856,Belarus,207560
2671,0.27984,Pakistan,872782,India,3141579
2672,0.27989,S. Sudan,621325,Honduras,112883
2673,0.27992,Zimbabwe,388993,Guinea,243939
2674,0.27995,United States of America,7930927,North Korea,122582
2675,0.27999,Somaliland,167804,Kenya,592055
2676,0.28003,Turkmenistan,470916,Guatemala,108101
2677,0.28006,Kyrgyzstan,199486,Central African Rep.,618323
2678,0.28012,Somaliland,167804,Bolivia,1086627
2679,0.28026,Philippines,105018,Honduras,112883
2680,0.28034,Philippines,105018,Pakistan,872782
2681,0.28041,Myanmar,657126,Bangladesh,132676
2682,0.28043,Spain,494570,Iran,1620461
2683,0.28043,South Africa,1249804,Russia,16530760
2684,0.28046,Yemen,448856,United Kingdom,216959
2685,0.28060,S. Sudan,621325,Pakistan,872782
2686,0.28063,Turkmenistan,470916,Malaysia,194612
2687,0.28064,Somaliland,167804,Australia,7601866
2688,0.28071,United States of America,7930927,Benin,116105
2689,0.28086,Turkey,756928,Mali,1254117
2690,0.28088,Iran,1620461,Congo,345333
2691,0.28101,Central African Rep.,618323,Angola,1237945
2692,0.28110,Spain,494570,Peru,1291023
2693,0.28112,United Kingdom,216959,Pakistan,872782
2694,0.28117,Sudan,1856663,Mongolia,1564510
2695,0.28131,Mali,1254117,Dem. Rep. Congo,2324445
2696,0.28152,North Korea,122582,Mauritania,1035187
2697,0.28153,Mongolia,1564510,Malaysia,194612
2698,0.28155,North Korea,122582,Nigeria,907657
2699,0.28165,Russia,16530760,Oman,308916
2700,0.28171,Tanzania,938765,Cameroon,463871
2701,0.28195,Oman,308916,Iceland,101819
2702,0.28196,Italy,251034,Burkina Faso,272627
2703,0.28196,Finland,331769,Bulgaria,112612
2704,0.28201,Mozambique,788286,Greenland,2150928
2705,0.28204,Turkey,756928,Japan,227942
2706,0.28207,Thailand,512543,Congo,345333
2707,0.28216,Sudan,1856663,Namibia,822543
2708,0.28223,Nepal,146977,Japan,227942
2709,0.28225,Zimbabwe,388993,Greenland,2150928
2710,0.28242,Peru,1291023,Australia,7601866
2711,0.28243,Guyana,211023,Belarus,207560
2712,0.28245,Niger,1181195,Angola,1237945
2713,0.28251,New Zealand,149472,Burkina Faso,272627
2714,0.28259,Uruguay,177467,Guyana,211023
2715,0.28299,Tajikistan,142239,Benin,116105
2716,0.28300,Kyrgyzstan,199486,Burkina Faso,272627
2717,0.28301,Zimbabwe,388993,Central African Rep.,618323
2718,0.28303,Ukraine,571764,Mozambique,788286
2719,0.28304,Vietnam,326748,Nepal,146977
2720,0.28305,Somalia,471542,Myanmar,657126
2721,0.28308,Tajikistan,142239,Libya,1623722
2722,0.28309,Peru,1291023,Italy,251034
2723,0.28311,Thailand,512543,Laos,228233
2724,0.28328,Egypt,1001776,Burkina Faso,272627
2725,0.28330,Philippines,105018,Guinea,243939
2726,0.28337,Indonesia,528768,Argentina,2761111
2727,0.28340,Saudi Arabia,1920589,Argentina,2761111
2728,0.28347,Oman,308916,Belarus,207560
2729,0.28349,United States of America,7930927,Turkey,756928
2730,0.28369,Greenland,2150928,Algeria,2319284
2731,0.28372,Guinea,243939,Côte d'Ivoire,320867
2732,0.28373,Mali,1254117,Belarus,207560
2733,0.28379,Burkina Faso,272627,Bangladesh,132676
2734,0.28382,Tajikistan,142239,Afghanistan,641832
2735,0.28386,Guinea,243939,Bangladesh,132676
2736,0.28395,Kyrgyzstan,199486,China,9336905
2737,0.28397,Namibia,822543,Angola,1237945
2738,0.28398,Turkey,756928,Russia,16530760
2739,0.28418,Guinea,243939,Dem. Rep. Congo,2324445
2740,0.28422,Spain,494570,Greenland,2150928
2741,0.28436,Somaliland,167804,Malaysia,194612
2742,0.28439,Somaliland,167804,Belarus,207560
2743,0.28446,Mongolia,1564510,Kenya,592055
2744,0.28476,Paraguay,399948,France,538334
2745,0.28478,Venezuela,908879,Tajikistan,142239
2746,0.28489,Sweden,441301,Paraguay,399948
2747,0.28493,Yemen,448856,Tajikistan,142239
2748,0.28505,Eritrea,122461,Afghanistan,641832
2749,0.28506,United Kingdom,216959,Burkina Faso,272627
2750,0.28509,Poland,313763,Mongolia,1564510
2751,0.28511,Somaliland,167804,Poland,313763
2752,0.28515,Spain,494570,Central African Rep.,618323
2753,0.28523,Japan,227942,Afghanistan,641832
2754,0.28523,United Kingdom,216959,Mali,1254117
2755,0.28525,Kyrgyzstan,199486,Greece,107234
2756,0.28541,Iran,1620461,Dem. Rep. Congo,2324445
2757,0.28547,Ukraine,571764,Suriname,144934
2758,0.28547,Yemen,448856,Malaysia,194612
2759,0.28548,Peru,1291023,Germany,355533
2760,0.28554,Sweden,441301,Guinea,243939
2761,0.28560,Guinea,243939,Algeria,2319284
2762,0.28562,Kyrgyzstan,199486,Ecuador,246415
2763,0.28573,Cameroon,463871,Belarus,207560
2764,0.28577,Germany,355533,Benin,116105
2765,0.28582,Guinea,243939,Angola,1237945
2766,0.28590,Zambia,752775,United Kingdom,216959
2767,0.28594,Brazil,8418355,Benin,116105
2768,0.28599,Turkmenistan,470916,Sudan,1856663
2769,0.28607,Syria,185959,Egypt,1001776
2770,0.28608,Nigeria,907657,Madagascar,592372
2771,0.28616,Mongolia,1564510,Eritrea,122461
2772,0.28616,Tajikistan,142239,Spain,494570
2773,0.28621,Colombia,1134360,Benin,116105
2774,0.28636,Yemen,448856,S. Sudan,621325
2775,0.28643,Niger,1181195,Côte d'Ivoire,320867
2776,0.28648,India,3141579,Myanmar,657126
2777,0.28654,Yemen,448856,China,9336905
2778,0.28663,Iceland,101819,Congo,345333
2779,0.28684,Uruguay,177467,United States of America,7930927
2780,0.28686,Turkey,756928,Papua New Guinea,399427
2781,0.28691,North Korea,122582,Ecuador,246415
2782,0.28693,Oman,308916,Bolivia,1086627
2783,0.28707,Poland,313763,Guyana,211023
2784,0.28713,Turkmenistan,470916,Tajikistan,142239
2785,0.28713,United Kingdom,216959,Greece,107234
2786,0.28725,Ukraine,571764,North Korea,122582
2787,0.28758,Saudi Arabia,1920589,Myanmar,657126
2788,0.28777,United States of America,7930927,Nicaragua,128749
2789,0.28785,Ukraine,571764,Finland,331769
2790,0.28785,Dem. Rep. Congo,2324445,Cameroon,463871
2791,0.28796,Pakistan,872782,Malaysia,194612
2792,0.28796,Tajikistan,142239,Saudi Arabia,1920589
2793,0.28796,Myanmar,657126,Bulgaria,112612
2794,0.28802,Cameroon,463871,Australia,7601866
2795,0.28805,United States of America,7930927,Bolivia,1086627
2796,0.28808,Venezuela,908879,Myanmar,657126
2797,0.28808,Uruguay,177467,Cameroon,463871
2798,0.28813,North Korea,122582,Ethiopia,1127093
2799,0.28828,Guyana,211023,Australia,7601866
2800,0.28834,Turkey,756928,Nigeria,907657
2801,0.28837,Peru,1291023,Nicaragua,128749
2802,0.28838,Mozambique,788286,Iceland,101819
2803,0.28860,Poland,313763,Oman,308916
2804,0.28861,Côte d'Ivoire,320867,Central African Rep.,618323
2805,0.28862,United States of America,7930927,Germany,355533
2806,0.28865,Uzbekistan,447617,Norway,312323
2807,0.28869,Philippines,105018,Mexico,1953076
2808,0.28871,Namibia,822543,Greenland,2150928
2809,0.28876,Vietnam,326748,Laos,228233
2810,0.28878,Kenya,592055,Guyana,211023
2811,0.28881,Ghana,238558,Egypt,1001776
2812,0.28885,Somalia,471542,Mongolia,1564510
2813,0.28885,Mexico,1953076,Finland,331769
2814,0.28890,Iceland,101819,Cameroon,463871
2815,0.28890,Pakistan,872782,Bolivia,1086627
2816,0.28896,Turkmenistan,470916,Kenya,592055
2817,0.28900,Ukraine,571764,Russia,16530760
2818,0.28904,Uzbekistan,447617,Iran,1620461
2819,0.28911,Venezuela,908879,Turkey,756928
2820,0.28913,Turkey,756928,Iraq,437232
2821,0.28915,Malaysia,194612,Afghanistan,641832
2822,0.28917,Zambia,752775,Papua New Guinea,399427
2823,0.28920,Russia,16530760,Mali,1254117
2824,0.28931,Sweden,441301,Central African Rep.,618323
2825,0.28933,Tajikistan,142239,Laos,228233
2826,0.28934,Mongolia,1564510,Kyrgyzstan,199486
2827,0.28937,S. Sudan,621325,Bangladesh,132676
2828,0.28949,Indonesia,528768,Finland,331769
2829,0.28954,Niger,1181195,Algeria,2319284
2830,0.28958,Oman,308916,Malaysia,194612
2831,0.28960,Turkmenistan,470916,Bangladesh,132676
2832,0.28963,India,3141579,Côte d'Ivoire,320867
2833,0.28971,North Korea,122582,Libya,1623722
2834,0.28990,Pakistan,872782,Namibia,822543
2835,0.28991,Yemen,448856,Somalia,471542
2836,0.29001,Tajikistan,142239,Honduras,112883
2837,0.29002,South Africa,1249804,Papua New Guinea,399427
2838,0.29011,Sweden,441301,Norway,312323
2839,0.29012,S. Sudan,621325,Paraguay,399948
2840,0.29014,Central African Rep.,618323,Algeria,2319284
2841,0.29017,Niger,1181195,Eritrea,122461
2842,0.29018,Nicaragua,128749,Mali,1254117
2843,0.29021,United States of America,7930927,Kenya,592055
2844,0.29033,Tajikistan,142239,Ethiopia,1127093
2845,0.29034,Thailand,512543,Somaliland,167804
2846,0.29035,Syria,185959,Papua New Guinea,399427
2847,0.29040,Tunisia,156035,Nigeria,907657
2848,0.29042,Iceland,101819,Burkina Faso,272627
2849,0.29060,Uzbekistan,447617,Mexico,1953076
2850,0.29062,Uganda,241474,Benin,116105
2851,0.29067,Yemen,448856,Japan,227942
2852,0.29069,United Kingdom,216959,Japan,227942
2853,0.29079,Mozambique,788286,Afghanistan,641832
2854,0.29088,India,3141579,Iceland,101819
2855,0.29107,Colombia,1134360,Myanmar,657126
2856,0.29110,Russia,16530760,Italy,251034
2857,0.29127,Congo,345333,Benin,116105
2858,0.29136,Malaysia,194612,Guyana,211023
2859,0.29141,Germany,355533,Cameroon,463871
2860,0.29142,United States of America,7930927,France,538334
2861,0.29152,Sudan,1856663,Peru,1291023
2862,0.29166,Sudan,1856663,Guyana,211023
2863,0.29172,Ghana,238558,Finland,331769
2864,0.29180,Tajikistan,142239,S. Sudan,621325
2865,0.29196,Iraq,437232,Iceland,101819
2866,0.29198,Iceland,101819,Afghanistan,641832
2867,0.29203,Mali,1254117,Bolivia,1086627
2868,0.29207,Turkey,756928,Cambodia,180568
2869,0.29208,Malawi,119162,Greenland,2150928
2870,0.29208,Sweden,441301,Eritrea,122461
2871,0.29216,Papua New Guinea,399427,Indonesia,528768
2872,0.29229,Tajikistan,142239,Eritrea,122461
2873,0.29234,Syria,185959,Laos,228233
2874,0.29235,Niger,1181195,Malawi,119162
2875,0.29236,Mongolia,1564510,Japan,227942
2876,0.29245,Mali,1254117,Côte d'Ivoire,320867
2877,0.29280,Thailand,512543,Madagascar,592372
2878,0.29287,Papua New Guinea,399427,India,3141579
2879,0.29287,Tajikistan,142239,Bulgaria,112612
2880,0.29310,Gabon,259500,Afghanistan,641832
2881,0.29316,Tunisia,156035,Iraq,437232
2882,0.29336,Ukraine,571764,Turkey,756928
2883,0.29337,Tanzania,938765,India,3141579
2884,0.29342,Tajikistan,142239,Guyana,211023
2885,0.29353,Uruguay,177467,Turkmenistan,470916
2886,0.29356,Suriname,144934,Greenland,2150928
2887,0.29362,Spain,494570,Niger,1181195
2888,0.29365,Somalia,471542,North Korea,122582
2889,0.29367,Uruguay,177467,Honduras,112883
2890,0.29370,Tunisia,156035,Ecuador,246415
2891,0.29371,Thailand,512543,Honduras,112883
2892,0.29372,Russia,16530760,Philippines,105018
2893,0.29380,United States of America,7930927,Australia,7601866
2894,0.29383,Tunisia,156035,Morocco,581746
2895,0.29408,Tajikistan,142239,Cambodia,180568
2896,0.29422,Somaliland,167804,Nicaragua,128749
2897,0.29439,Uzbekistan,447617,Paraguay,399948
2898,0.29442,Tunisia,156035,Kyrgyzstan,199486
2899,0.29444,Russia,16530760,Nepal,146977
2900,0.29447,Kenya,592055,Cameroon,463871
2901,0.29450,Laos,228233,Kyrgyzstan,199486
2902,0.29454,Papua New Guinea,399427,Namibia,822543
2903,0.29455,Poland,313763,Namibia,822543
2904,0.29459,Mali,1254117,Algeria,2319284
2905,0.29471,Somalia,471542,Japan,227942
2906,0.29485,Philippines,105018,Iceland,101819
2907,0.29486,New Zealand,149472,Iran,1620461
2908,0.29494,Syria,185959,Italy,251034
2909,0.29500,Australia,7601866,Afghanistan,641832
2910,0.29515,Vietnam,326748,Finland,331769
2911,0.29531,Tajikistan,142239,Ghana,238558
2912,0.29531,Oman,308916,Nicaragua,128749
2913,0.29543,Peru,1291023,Dem. Rep. Congo,2324445
2914,0.29543,Turkmenistan,470916,Iceland,101819
2915,0.29549,Sweden,441301,Pakistan,872782
2916,0.29555,Paraguay,399948,Côte d'Ivoire,320867
2917,0.29558,Finland,331769,Colombia,1134360
2918,0.29561,Peru,1291023,Egypt,1001776
2919,0.29569,Mongolia,1564510,Bolivia,1086627
2920,0.29571,Madagascar,592372,Libya,1623722
2921,0.29578,Paraguay,399948,China,9336905
2922,0.29581,Guyana,211023,China,9336905
2923,0.29596,Paraguay,399948,Eritrea,122461
2924,0.29607,Madagascar,592372,Cambodia,180568
2925,0.29619,Yemen,448856,Bolivia,1086627
2926,0.29623,Nigeria,907657,Benin,116105
2927,0.29634,Poland,313763,India,3141579
2928,0.29650,Iceland,101819,Egypt,1001776
2929,0.29658,Madagascar,592372,Brazil,8418355
2930,0.29667,United States of America,7930927,Tanzania,938765
2931,0.29676,Tajikistan,142239,Mauritania,1035187
2932,0.29679,Malawi,119162,Guinea,243939
2933,0.29702,Malaysia,194612,Congo,345333
2934,0.29704,Bulgaria,112612,Argentina,2761111
2935,0.29709,Niger,1181195,Dem. Rep. Congo,2324445
2936,0.29721,Oman,308916,France,538334
2937,0.29727,Cambodia,180568,Benin,116105
2938,0.29751,Papua New Guinea,399427,Malaysia,194612
2939,0.29769,Tajikistan,142239,Nicaragua,128749
2940,0.29782,Kyrgyzstan,199486,Benin,116105
2941,0.29790,Mexico,1953076,Greece,107234
2942,0.29794,France,538334,Afghanistan,641832
2943,0.29815,Dem. Rep. Congo,2324445,Central African Rep.,618323
2944,0.29840,Zambia,752775,Mali,1254117
2945,0.29850,Guatemala,108101,Bangladesh,132676
2946,0.29854,Botswana,579136,Afghanistan,641832
2947,0.29854,Turkmenistan,470916,Japan,227942
2948,0.29860,Central African Rep.,618323,Bangladesh,132676
2949,0.29862,Tanzania,938765,Peru,1291023
2950,0.29870,Russia,16530760,Malaysia,194612
2951,0.29877,Tajikistan,142239,Mongolia,1564510
2952,0.29881,Somaliland,167804,Bangladesh,132676
2953,0.29884,Paraguay,399948,Malawi,119162
2954,0.29891,Mozambique,788286,China,9336905
2955,0.29908,Tajikistan,142239,Madagascar,592372
2956,0.29915,Philippines,105018,Congo,345333
2957,0.29917,Zimbabwe,388993,Mali,1254117
2958,0.29918,Mozambique,788286,Congo,345333
2959,0.29927,Kenya,592055,Honduras,112883
2960,0.29933,Nepal,146977,Burkina Faso,272627
2961,0.29971,Morocco,581746,Honduras,112883
2962,0.29971,Kyrgyzstan,199486,Japan,227942
2963,0.29983,Namibia,822543,Gabon,259500
2964,0.29983,Niger,1181195,Japan,227942
2965,0.29985,Pakistan,872782,Kenya,592055
2966,0.29996,Mexico,1953076,Myanmar,657126
2967,0.30011,Pakistan,872782,Australia,7601866
2968,0.30015,Thailand,512543,Malaysia,194612
2969,0.30021,Guyana,211023,Gabon,259500
2970,0.30021,Paraguay,399948,Angola,1237945
2971,0.30031,Mali,1254117,Laos,228233
2972,0.30036,Laos,228233,Iran,1620461
2973,0.30040,Pakistan,872782,Belarus,207560
2974,0.30046,Paraguay,399948,Bolivia,1086627
2975,0.30049,Ukraine,571764,Benin,116105
2976,0.30050,Mongolia,1564510,Belarus,207560
2977,0.30064,Suriname,144934,India,3141579
2978,0.30067,Iran,1620461,Egypt,1001776
2979,0.30068,Turkmenistan,470916,Poland,313763
2980,0.30075,Cameroon,463871,Botswana,579136
2981,0.30075,Spain,494570,Oman,308916
2982,0.30078,India,3141579,Guyana,211023
2983,0.30080,United Kingdom,216959,Morocco,581746
2984,0.30082,Madagascar,592372,Ethiopia,1127093
2985,0.30085,Namibia,822543,Iran,1620461
2986,0.30094,Laos,228233,Congo,345333
2987,0.30098,Syria,185959,Congo,345333
2988,0.30098,Nepal,146977,Congo,345333
2989,0.30104,Papua New Guinea,399427,Ecuador,246415
2990,0.30116,Paraguay,399948,Mozambique,788286
2991,0.30118,United Kingdom,216959,Guyana,211023
2992,0.30122,S. Sudan,621325,North Korea,122582
2993,0.30128,Yemen,448856,Gabon,259500
2994,0.30135,Uruguay,177467,Pakistan,872782
2995,0.30141,Guyana,211023,Congo,345333
2996,0.30152,Uruguay,177467,Peru,1291023
2997,0.30155,United States of America,7930927,Guyana,211023
2998,0.30157,Morocco,581746,Chile,660283
2999,0.30160,Russia,16530760,Central African Rep.,618323
3000,0.30165,Philippines,105018,North Korea,122582
3001,0.30171,Egypt,1001776,Bulgaria,112612
3002,0.30181,Kyrgyzstan,199486,Italy,251034
3003,0.30184,Colombia,1134360,Bangladesh,132676
3004,0.30187,Zimbabwe,388993,Afghanistan,641832
3005,0.30201,Tanzania,938765,Egypt,1001776
3006,0.30208,South Africa,1249804,Kyrgyzstan,199486
3007,0.30209,Nicaragua,128749,Afghanistan,641832
3008,0.30211,Tajikistan,142239,Finland,331769
3009,0.30214,Sweden,441301,Japan,227942
3010,0.30216,Colombia,1134360,Argentina,2761111
3011,0.30226,Tajikistan,142239,North Korea,122582
3012,0.30227,Kyrgyzstan,199486,Eritrea,122461
3013,0.30229,Namibia,822543,Iceland,101819
3014,0.30230,Guyana,211023,France,538334
3015,0.30234,Ecuador,246415,Benin,116105
3016,0.30234,North Korea,122582,India,3141579
3017,0.30240,Mozambique,788286,Mongolia,1564510
3018,0.30247,Paraguay,399948,Congo,345333
3019,0.30248,Russia,16530760,Mozambique,788286
3020,0.30253,Uzbekistan,447617,Bangladesh,132676
3021,0.30254,Yemen,448856,Mozambique,788286
3022,0.30271,Vietnam,326748,Argentina,2761111
3023,0.30274,Tunisia,156035,Japan,227942
3024,0.30275,Guyana,211023,Bolivia,1086627
3025,0.30277,Turkmenistan,470916,Philippines,105018
3026,0.30282,Namibia,822543,Bangladesh,132676
3027,0.30287,Saudi Arabia,1920589,Egypt,1001776
3028,0.30288,Italy,251034,Iran,1620461
3029,0.30300,Libya,1623722,Benin,116105
3030,0.30340,Greenland,2150928,Dem. Rep. Congo,2324445
3031,0.30348,Philippines,105018,New Zealand,149472
3032,0.30352,Madagascar,592372,China,9336905
3033,0.30360,Turkmenistan,470916,Thailand,512543
3034,0.30365,Uganda,241474,Tajikistan,142239
3035,0.30368,Venezuela,908879,Egypt,1001776
3036,0.30372,Norway,312323,New Zealand,149472
3037,0.30372,Namibia,822543,Kyrgyzstan,199486
3038,0.30374,Niger,1181195,Bangladesh,132676
3039,0.30375,United States of America,7930927,Poland,313763
3040,0.30379,Yemen,448856,France,538334
3041,0.30386,Tunisia,156035,Eritrea,122461
3042,0.30390,Suriname,144934,Niger,1181195
3043,0.30396,Turkmenistan,470916,Gabon,259500
3044,0.30408,Turkey,756928,Ecuador,246415
3045,0.30409,India,3141579,Honduras,112883
3046,0.30413,Malaysia,194612,Central African Rep.,618323
3047,0.30416,Mauritania,1035187,Madagascar,592372
3048,0.30417,Sweden,441301,Greenland,2150928
3049,0.30423,Mali,1254117,Italy,251034
3050,0.30425,Mongolia,1564510,Guatemala,108101
3051,0.30427,Turkey,756928,Ethiopia,1127093
3052,0.30432,Philippines,105018,Central African Rep.,618323
3053,0.30435,Mozambique,788286,Indonesia,528768
3054,0.30435,United States of America,7930927,Gabon,259500
3055,0.30440,North Korea,122582,Congo,345333
3056,0.30442,Syria,185959,Mozambique,788286
3057,0.30449,Tanzania,938765,Finland,331769
3058,0.30451,Namibia,822543,Mozambique,788286
3059,0.30457,Pakistan,872782,Guatemala,108101
3060,0.30458,Somaliland,167804,France,538334
3061,0.30473,Japan,227942,Guyana,211023
3062,0.30478,Iceland,101819,China,9336905
3063,0.30483,North Korea,122582,Morocco,581746
3064,0.30484,North Korea,122582,Kyrgyzstan,199486
3065,0.30516,Venezuela,908879,Tunisia,156035
3066,0.30520,Congo,345333,Colombia,1134360
3067,0.30526,Suriname,144934,Central African Rep.,618323
3068,0.30527,New Zealand,149472,Cameroon,463871
3069,0.30534,S. Sudan,621325,Iceland,101819
3070,0.30534,Papua New Guinea,399427,New Zealand,149472
3071,0.30540,China,9336905,Benin,116105
3072,0.30541,Philippines,105018,Niger,1181195
3073,0.30546,Thailand,512543,Oman,308916
3074,0.30551,Ethiopia,1127093,Benin,116105
3075,0.30553,Sudan,1856663,Honduras,112883
3076,0.30559,Guyana,211023,Eritrea,122461
3077,0.30571,Yemen,448856,Russia,16530760
3078,0.30580,Eritrea,122461,Burkina Faso,272627
3079,0.30583,Namibia,822543,Côte d'Ivoire,320867
3080,0.30588,Turkey,756928,Mauritania,1035187
3081,0.30589,Paraguay,399948,Nicaragua,128749
3082,0.30591,Papua New Guinea,399427,Guyana,211023
3083,0.30605,Myanmar,657126,Brazil,8418355
3084,0.30613,Mongolia,1564510,India,3141579
3085,0.30623,Turkey,756928,Libya,1623722
3086,0.30630,Paraguay,399948,Botswana,579136
3087,0.30636,Tajikistan,142239,Nigeria,907657
3088,0.30638,Oman,308916,Gabon,259500
3089,0.30639,Vietnam,326748,Thailand,512543
3090,0.30647,Peru,1291023,Bolivia,1086627
3091,0.30653,Mexico,1953076,Eritrea,122461
3092,0.30661,Somalia,471542,Somaliland,167804
3093,0.30681,Tunisia,156035,Mozambique,788286
3094,0.30682,Ecuador,246415,Argentina,2761111
3095,0.30697,Philippines,105018,Afghanistan,641832
3096,0.30698,Iraq,437232,Myanmar,657126
3097,0.30700,Ecuador,246415,Myanmar,657126
3098,0.30713,Philippines,105018,Mongolia,1564510
3099,0.30717,Peru,1291023,Kenya,592055
3100,0.30722,Venezuela,908879,Argentina,2761111
3101,0.30735,Mexico,1953076,Japan,227942
3102,0.30748,Romania,236340,Finland,331769
3103,0.30752,Turkmenistan,470916,Belarus,207560
3104,0.30755,United Kingdom,216959,Norway,312323
3105,0.30765,Paraguay,399948,Japan,227942
3106,0.30768,Somaliland,167804,Botswana,579136
3107,0.30769,Morocco,581746,Myanmar,657126
3108,0.30774,Turkmenistan,470916,Bolivia,1086627
3109,0.30779,Uganda,241474,Finland,331769
3110,0.30816,Namibia,822543,Afghanistan,641832
3111,0.30817,United Kingdom,216959,Paraguay,399948
3112,0.30830,Tunisia,156035,Libya,1623722
3113,0.30834,Ghana,238558,Myanmar,657126
3114,0.30835,Turkmenistan,470916,France,538334
3115,0.30845,Guyana,211023,Côte d'Ivoire,320867
3116,0.30848,Mongolia,1564510,Iceland,101819
3117,0.30855,Nepal,146977,Iran,1620461
3118,0.30859,Spain,494570,Somaliland,167804
3119,0.30881,Philippines,105018,Malawi,119162
3120,0.30886,Cameroon,463871,Bangladesh,132676
3121,0.30894,Côte d'Ivoire,320867,Afghanistan,641832
3122,0.30903,Angola,1237945,Afghanistan,641832
3123,0.30904,Syria,185959,Kyrgyzstan,199486
3124,0.30911,Suriname,144934,Guinea,243939
3125,0.30912,Turkey,756928,Brazil,8418355
3126,0.30917,S. Sudan,621325,Guyana,211023
3127,0.30922,Mauritania,1035187,Benin,116105
3128,0.30930,Norway,312323,Nepal,146977
3129,0.30951,Oman,308916,Botswana,579136
3130,0.30958,Zambia,752775,Tunisia,156035
3131,0.30975,Yemen,448856,Botswana,579136
3132,0.30984,Guinea,243939,Egypt,1001776
3133,0.30992,Somaliland,167804,Gabon,259500
3134,0.30996,Yemen,448856,Côte d'Ivoire,320867
3135,0.31008,Mozambique,788286,Ecuador,246415
3136,0.31010,Iceland,101819,Central African Rep.,618323
3137,0.31016,Mali,1254117,Botswana,579136
3138,0.31020,United States of America,7930927,Belarus,207560
3139,0.31032,Uzbekistan,447617,South Africa,1249804
3140,0.31043,Papua New Guinea,399427,Iraq,437232
3141,0.31046,Somalia,471542,Afghanistan,641832
3142,0.31048,Ghana,238558,Argentina,2761111
3143,0.31055,Brazil,8418355,Bangladesh,132676
3144,0.31066,Iceland,101819,Finland,331769
3145,0.31086,Papua New Guinea,399427,Brazil,8418355
3146,0.31100,Turkmenistan,470916,Eritrea,122461
3147,0.31104,Thailand,512543,Iceland,101819
3148,0.31107,United Kingdom,216959,South Africa,1249804
3149,0.31114,Cameroon,463871,Algeria,2319284
3150,0.31160,United Kingdom,216959,Greenland,2150928
3151,0.31164,Tunisia,156035,Cambodia,180568
3152,0.31169,Tunisia,156035,Philippines,105018
3153,0.31170,Mongolia,1564510,Gabon,259500
3154,0.31171,Greenland,2150928,Congo,345333
3155,0.31175,Papua New Guinea,399427,Nepal,146977
3156,0.31179,Tajikistan,142239,Colombia,1134360
3157,0.31180,Poland,313763,Honduras,112883
3158,0.31180,Peru,1291023,France,538334
3159,0.31189,Laos,228233,Indonesia,528768
3160,0.31196,Zambia,752775,Turkmenistan,470916
3161,0.31202,North Korea,122582,Bolivia,1086627
3162,0.31205,United States of America,7930927,Angola,1237945
3163,0.31213,Zimbabwe,388993,Somaliland,167804
3164,0.31228,Tajikistan,142239,Romania,236340
3165,0.31228,Iraq,437232,Argentina,2761111
3166,0.31240,Turkmenistan,470916,Somalia,471542
3167,0.31242,Ecuador,246415,Congo,345333
3168,0.31276,Tanzania,938765,Argentina,2761111
3169,0.31279,Russia,16530760,Laos,228233
3170,0.31284,Mozambique,788286,Malawi,119162
3171,0.31290,United States of America,7930927,Algeria,2319284
3172,0.31296,Papua New Guinea,399427,Chad,1266562
3173,0.31306,Niger,1181195,Egypt,1001776
3174,0.31310,United Kingdom,216959,Ukraine,571764
3175,0.31315,Mozambique,788286,Guyana,211023
3176,0.31319,Laos,228233,Chad,1266562
3177,0.31322,Tunisia,156035,Ethiopia,1127093
3178,0.31357,Indonesia,528768,Bangladesh,132676
3179,0.31370,Saudi Arabia,1920589,Laos,228233
3180,0.31380,Iceland,101819,Honduras,112883
3181,0.31382,Honduras,112883,Bolivia,1086627
3182,0.31391,Vietnam,326748,Myanmar,657126
3183,0.31401,Pakistan,872782,Botswana,579136
3184,0.31404,Sweden,441301,Papua New Guinea,399427
3185,0.31407,China,9336905,Argentina,2761111
3186,0.31407,United Kingdom,216959,Cameroon,463871
3187,0.31418,Oman,308916,Angola,1237945
3188,0.31422,Tunisia,156035,Tajikistan,142239
3189,0.31424,Syria,185959,Bangladesh,132676
3190,0.31444,Zimbabwe,388993,United States of America,7930927
3191,0.31456,Thailand,512543,Benin,116105
3192,0.31457,Syria,185959,New Zealand,149472
3193,0.31466,Russia,16530760,Burkina Faso,272627
3194,0.31467,New Zealand,149472,Congo,345333
3195,0.31484,Peru,1291023,Gabon,259500
3196,0.31486,Tunisia,156035,Brazil,8418355
3197,0.31488,Tajikistan,142239,Argentina,2761111
3198,0.31489,Germany,355533,Finland,331769
3199,0.31491,Paraguay,399948,Iceland,101819
3200,0.31495,Suriname,144934,Namibia,822543
3201,0.31503,Pakistan,872782,Kyrgyzstan,199486
3202,0.31505,Zambia,752775,Finland,331769
3203,0.31508,Guyana,211023,Botswana,579136
3204,0.31517,Tunisia,156035,Mauritania,1035187
3205,0.31527,North Korea,122582,Australia,7601866
3206,0.31541,Pakistan,872782,Nicaragua,128749
3207,0.31542,Tajikistan,142239,Germany,355533
3208,0.31543,Somalia,471542,Oman,308916
3209,0.31543,Namibia,822543,Honduras,112883
3210,0.31548,Malawi,119162,Burkina Faso,272627
3211,0.31562,Peru,1291023,Belarus,207560
3212,0.31564,Vietnam,326748,Philippines,105018
3213,0.31566,Mongolia,1564510,Australia,7601866
3214,0.31576,Vietnam,326748,Eritrea,122461
3215,0.31587,S. Sudan,621325,Madagascar,592372
3216,0.31587,Somalia,471542,Guyana,211023
3217,0.31594,Iraq,437232,Finland,331769
3218,0.31595,Mozambique,788286,Malaysia,194612
3219,0.31598,Honduras,112883,Guatemala,108101
3220,0.31602,Mongolia,1564510,Botswana,579136
3221,0.31603,Kyrgyzstan,199486,Indonesia,528768
3222,0.31606,Tunisia,156035,Iceland,101819
3223,0.31621,Russia,16530760,Benin,116105
3224,0.31622,Mongolia,1564510,France,538334
3225,0.31623,Papua New Guinea,399427,China,9336905
3226,0.31631,Algeria,2319284,Afghanistan,641832
3227,0.31639,Norway,312323,Laos,228233
3228,0.31650,Yemen,448856,Angola,1237945
3229,0.31652,Mexico,1953076,Argentina,2761111
3230,0.31654,Indonesia,528768,Iceland,101819
3231,0.31662,Venezuela,908879,Finland,331769
3232,0.31684,Malaysia,194612,Guinea,243939
3233,0.31687,Uzbekistan,447617,Ukraine,571764
3234,0.31688,South Africa,1249804,Laos,228233
3235,0.31690,Romania,236340,Argentina,2761111
3236,0.31692,India,3141579,Benin,116105
3237,0.31699,Niger,1181195,Malaysia,194612
3238,0.31700,Zimbabwe,388993,Cameroon,463871
3239,0.31700,Russia,16530760,New Zealand,149472
3240,0.31710,North Korea,122582,Belarus,207560
3241,0.31719,Philippines,105018,Nepal,146977
3242,0.31720,Tunisia,156035,Guatemala,108101
3243,0.31724,Papua New Guinea,399427,Iran,1620461
3244,0.31727,Finland,331769,Ecuador,246415
3245,0.31731,Zimbabwe,388993,Yemen,448856
3246,0.31732,Suriname,144934,Mali,1254117
3247,0.31736,Yemen,448856,Nicaragua,128749
3248,0.31741,Tanzania,938765,Namibia,822543
3249,0.31741,Namibia,822543,Germany,355533
3250,0.31757,Sweden,441301,Philippines,105018
3251,0.31764,Tunisia,156035,Sudan,1856663
3252,0.31775,Turkey,756928,Philippines,105018
3253,0.31805,Guyana,211023,Angola,1237945
3254,0.31815,Zimbabwe,388993,Paraguay,399948
3255,0.31815,Laos,228233,Bulgaria,112612
3256,0.31819,Japan,227942,Burkina Faso,272627
3257,0.31837,Iceland,101819,Greenland,2150928
3258,0.31838,Zimbabwe,388993,Oman,308916
3259,0.31842,Poland,313763,Peru,1291023
3260,0.31847,Tajikistan,142239,Iran,1620461
3261,0.31848,Iceland,101819,Canada,8142222
3262,0.31850,Russia,16530760,Paraguay,399948
3263,0.31858,Turkmenistan,470916,Angola,1237945
3264,0.31861,Uruguay,177467,North Korea,122582
3265,0.31863,Norway,312323,Argentina,2761111
3266,0.31865,India,3141579,Argentina,2761111
3267,0.31874,Kyrgyzstan,199486,Canada,8142222
3268,0.31887,France,538334,Cameroon,463871
3269,0.31891,Spain,494570,Paraguay,399948
3270,0.31897,Yemen,448856,Morocco,581746
3271,0.31921,Philippines,105018,Bangladesh,132676
3272,0.31924,Uzbekistan,447617,Tajikistan,142239
3273,0.31928,North Korea,122582,Kenya,592055
3274,0.31929,Thailand,512543,Tajikistan,142239
3275,0.31931,Somaliland,167804,Dem. Rep. Congo,2324445
3276,0.31941,Honduras,112883,Bangladesh,132676
3277,0.31945,Thailand,512543,Guinea,243939
3278,0.31946,Suriname,144934,Paraguay,399948
3279,0.31959,Madagascar,592372,India,3141579
3280,0.31981,Morocco,581746,Mongolia,1564510
3281,0.31989,Pakistan,872782,Congo,345333
3282,0.31991,Thailand,512543,Pakistan,872782
3283,0.31991,Yemen,448856,India,3141579
3284,0.32000,Madagascar,592372,Iceland,101819
3285,0.32006,Papua New Guinea,399427,Guatemala,108101
3286,0.32009,China,9336905,Myanmar,657126
3287,0.32011,Uzbekistan,447617,Indonesia,528768
3288,0.32013,Peru,1291023,New Zealand,149472
3289,0.32030,Iceland,101819,Brazil,8418355
3290,0.32033,Uruguay,177467,Turkey,756928
3291,0.32038,Thailand,512543,Mongolia,1564510
3292,0.32048,Honduras,112883,Belarus,207560
3293,0.32062,United Kingdom,216959,Iran,1620461
3294,0.32064,Iceland,101819,Argentina,2761111
3295,0.32065,United States of America,7930927,Italy,251034
3296,0.32073,Papua New Guinea,399427,Malawi,119162
3297,0.32082,Oman,308916,Dem. Rep. Congo,2324445
3298,0.32100,Somalia,471542,Pakistan,872782
3299,0.32113,Malawi,119162,Cameroon,463871
3300,0.32121,Paraguay,399948,Algeria,2319284
3301,0.32138,Russia,16530760,Canada,8142222
3302,0.32138,Somaliland,167804,Algeria,2319284
3303,0.32155,Tajikistan,142239,Dem. Rep. Congo,2324445
3304,0.32205,S. Sudan,621325,Kyrgyzstan,199486
3305,0.32213,United States of America,7930927,Botswana,579136
3306,0.32217,Paraguay,399948,India,3141579
3307,0.32222,Namibia,822543,Mongolia,1564510
3308,0.32222,Iraq,437232,Bangladesh,132676
3309,0.32225,Somaliland,167804,Angola,1237945
3310,0.32236,United States of America,7930927,Laos,228233
3311,0.32239,Malawi,119162,Iran,1620461
3312,0.32251,Oman,308916,Algeria,2319284
3313,0.32255,Venezuela,908879,Papua New Guinea,399427
3314,0.32257,Turkey,756928,Mozambique,788286
3315,0.32270,Sudan,1856663,Cameroon,463871
3316,0.32274,Turkmenistan,470916,Australia,7601866
3317,0.32299,Papua New Guinea,399427,Mexico,1953076
3318,0.32314,Oman,308916,Côte d'Ivoire,320867
3319,0.32322,South Africa,1249804,Mozambique,788286
3320,0.32330,Zimbabwe,388993,Guyana,211023
3321,0.32338,Tunisia,156035,Thailand,512543
3322,0.32363,Zimbabwe,388993,Mongolia,1564510
3323,0.32367,Mozambique,788286,Iraq,437232
3324,0.32393,Uruguay,177467,Madagascar,592372
3325,0.32396,Libya,1623722,Bangladesh,132676
3326,0.32397,Philippines,105018,Morocco,581746
3327,0.32399,Iceland,101819,Chad,1266562
3328,0.32402,Zambia,752775,Guinea,243939
3329,0.32438,North Korea,122582,Guatemala,108101
3330,0.32438,Sweden,441301,Burkina Faso,272627
3331,0.32442,Malaysia,194612,Chile,660283
3332,0.32445,Dem. Rep. Congo,2324445,Afghanistan,641832
3333,0.32451,Madagascar,592372,Guatemala,108101
3334,0.32471,Suriname,144934,Guyana,211023
3335,0.32473,Mali,1254117,Eritrea,122461
3336,0.32479,Turkey,756928,China,9336905
3337,0.32479,Uganda,241474,Myanmar,657126
3338,0.32481,South Africa,1249804,New Zealand,149472
3339,0.32482,Germany,355533,Argentina,2761111
3340,0.32487,Mongolia,1564510,Angola,1237945
3341,0.32492,Philippines,105018,Mali,1254117
3342,0.32499,Sudan,1856663,Iceland,101819
3343,0.32511,Suriname,144934,Afghanistan,641832
3344,0.32517,Vietnam,326748,Japan,227942
3345,0.32518,Mauritania,1035187,Iceland,101819
3346,0.32523,Zambia,752775,Greece,107234
3347,0.32538,S. Sudan,621325,Benin,116105
3348,0.32549,Iceland,101819,Ethiopia,1127093
3349,0.32554,Congo,345333,Cameroon,463871
3350,0.32571,Saudi Arabia,1920589,Papua New Guinea,399427
3351,0.32577,Zambia,752775,Somaliland,167804
3352,0.32577,Uganda,241474,Argentina,2761111
3353,0.32586,Pakistan,872782,Morocco,581746
3354,0.32590,Saudi Arabia,1920589,New Zealand,149472
3355,0.32599,Poland,313763,Pakistan,872782
3356,0.32612,Thailand,512543,Afghanistan,641832
3357,0.32614,Zambia,752775,South Africa,1249804
3358,0.32630,Somaliland,167804,Côte d'Ivoire,320867
3359,0.32632,United Kingdom,216959,Iceland,101819
3360,0.32654,Zambia,752775,Argentina,2761111
3361,0.32672,Saudi Arabia,1920589,Italy,251034
3362,0.32681,Poland,313763,Cameroon,463871
3363,0.32686,Mozambique,788286,Guatemala,108101
3364,0.32690,United Kingdom,216959,Syria,185959
3365,0.32714,Paraguay,399948,Malaysia,194612
3366,0.32720,Zambia,752775,Niger,1181195
3367,0.32734,Turkey,756928,Kyrgyzstan,199486
3368,0.32735,Norway,312323,Eritrea,122461
3369,0.32743,Guatemala,108101,Benin,116105
3370,0.32746,Nicaragua,128749,Mongolia,1564510
3371,0.32748,Kyrgyzstan,199486,Iraq,437232
3372,0.32759,Thailand,512543,Mexico,1953076
3373,0.32759,Nigeria,907657,Argentina,2761111
3374,0.32759,Somalia,471542,Russia,16530760
3375,0.32765,Bangladesh,132676,Afghanistan,641832
3376,0.32766,Honduras,112883,Australia,7601866
3377,0.32784,Nigeria,907657,Iceland,101819
3378,0.32789,Greece,107234,Bangladesh,132676
3379,0.32828,South Africa,1249804,Italy,251034
3380,0.32833,Kyrgyzstan,199486,Greenland,2150928
3381,0.32835,Somaliland,167804,Morocco,581746
3382,0.32846,Tajikistan,142239,France,538334
3383,0.32851,Spain,494570,Afghanistan,641832
3384,0.32874,Russia,16530760,Iran,1620461
3385,0.32877,Russia,16530760,Guyana,211023
3386,0.32884,New Zealand,149472,Mozambique,788286
3387,0.32886,Zimbabwe,388993,Turkmenistan,470916
3388,0.32896,Bangladesh,132676,Argentina,2761111
3389,0.32915,Uzbekistan,447617,Chad,1266562
3390,0.32915,Venezuela,908879,Mozambique,788286
3391,0.32917,Kyrgyzstan,199486,Guatemala,108101
3392,0.32922,Philippines,105018,Burkina Faso,272627
3393,0.32925,Turkmenistan,470916,Namibia,822543
3394,0.32925,Norway,312323,Finland,331769
3395,0.32926,Peru,1291023,Botswana,579136
3396,0.32929,Somalia,471542,Chile,660283
3397,0.32931,Thailand,512543,Niger,1181195
3398,0.32942,Greece,107234,Canada,8142222
3399,0.32947,Italy,251034,Bulgaria,112612
3400,0.32962,Syria,185959,Eritrea,122461
3401,0.32963,Finland,331769,Brazil,8418355
3402,0.32964,Malaysia,194612,Greenland,2150928
3403,0.32973,Uganda,241474,Bangladesh,132676
3404,0.32974,Iran,1620461,Bangladesh,132676
3405,0.32976,Nigeria,907657,Finland,331769
3406,0.32984,Yemen,448856,Algeria,2319284
3407,0.32994,Somalia,471542,Congo,345333
3408,0.32996,Somalia,471542,Central African Rep.,618323
3409,0.33007,New Zealand,149472,Chad,1266562
3410,0.33015,Turkey,756928,Poland,313763
3411,0.33017,Thailand,512543,Bangladesh,132676
3412,0.33026,Mozambique,788286,Brazil,8418355
3413,0.33030,Peru,1291023,Algeria,2319284
3414,0.33035,Yemen,448856,Suriname,144934
3415,0.33039,Nicaragua,128749,Guyana,211023
3416,0.33046,Malawi,119162,Congo,345333
3417,0.33048,Turkmenistan,470916,Botswana,579136
3418,0.33056,Iceland,101819,Myanmar,657126
3419,0.33066,Yemen,448856,Kyrgyzstan,199486
3420,0.33082,S. Sudan,621325,Papua New Guinea,399427
3421,0.33089,Peru,1291023,Nepal,146977
3422,0.33089,Libya,1623722,Myanmar,657126
3423,0.33095,Guyana,211023,Algeria,2319284
3424,0.33149,Tunisia,156035,Bangladesh,132676
3425,0.33154,Paraguay,399948,Namibia,822543
3426,0.33154,Libya,1623722,Iceland,101819
3427,0.33164,Uganda,241474,Iceland,101819
3428,0.33165,Congo,345333,Chad,1266562
3429,0.33167,North Korea,122582,Namibia,822543
3430,0.33167,Tajikistan,142239,Belarus,207560
3431,0.33171,Sweden,441301,Iran,1620461
3432,0.33197,Uzbekistan,447617,India,3141579
3433,0.33201,Turkmenistan,470916,Côte d'Ivoire,320867
3434,0.33202,Uzbekistan,447617,Saudi Arabia,1920589
3435,0.33208,Italy,251034,Chad,1266562
3436,0.33214,Tunisia,156035,Mexico,1953076
3437,0.33218,United States of America,7930927,Eritrea,122461
3438,0.33229,Egypt,1001776,Central African Rep.,618323
3439,0.33234,Italy,251034,Indonesia,528768
3440,0.33236,Laos,228233,Ghana,238558
3441,0.33238,Uzbekistan,447617,Greece,107234
3442,0.33240,Uzbekistan,447617,Bulgaria,112612
3443,0.33252,Mauritania,1035187,Argentina,2761111
3444,0.33258,Romania,236340,Myanmar,657126
3445,0.33267,Somalia,471542,Niger,1181195
3446,0.33283,Greenland,2150928,Bangladesh,132676
3447,0.33285,Uzbekistan,447617,China,9336905
3448,0.33287,Mongolia,1564510,Côte d'Ivoire,320867
3449,0.33295,Yemen,448856,Iceland,101819
3450,0.33304,Thailand,512543,Norway,312323
3451,0.33310,Mozambique,788286,Mexico,1953076
3452,0.33311,Turkey,756928,Tajikistan,142239
3453,0.33317,Zambia,752775,Mozambique,788286
3454,0.33333,Libya,1623722,Finland,331769
3455,0.33335,Papua New Guinea,399427,Bulgaria,112612
3456,0.33335,South Africa,1249804,Nepal,146977
3457,0.33346,Mauritania,1035187,Bangladesh,132676
3458,0.33349,Syria,185959,Iceland,101819
3459,0.33355,Uruguay,177467,Benin,116105
3460,0.33363,Tajikistan,142239,Gabon,259500
3461,0.33366,Zambia,752775,Thailand,512543
3462,0.33374,Mongolia,1564510,Bangladesh,132676
3463,0.33392,Venezuela,908879,Uzbekistan,447617
3464,0.33393,Turkey,756928,Sudan,1856663
3465,0.33420,Zimbabwe,388993,Peru,1291023
3466,0.33447,Philippines,105018,Greenland,2150928
3467,0.33448,Zambia,752775,Madagascar,592372
3468,0.33473,Sudan,1856663,Pakistan,872782
3469,0.33473,Namibia,822543,Myanmar,657126
3470,0.33497,Tajikistan,142239,Italy,251034
3471,0.33501,Yemen,448856,Philippines,105018
3472,0.33508,Peru,1291023,Angola,1237945
3473,0.33518,Tunisia,156035,Poland,313763
3474,0.33526,Zambia,752775,Oman,308916
3475,0.33531,Tunisia,156035,India,3141579
3476,0.33542,Zambia,752775,Philippines,105018
3477,0.33548,Honduras,112883,France,538334
3478,0.33555,North Korea,122582,Botswana,579136
3479,0.33555,Tunisia,156035,China,9336905
3480,0.33558,United States of America,7930927,Côte d'Ivoire,320867
3481,0.33559,Sudan,1856663,Madagascar,592372
3482,0.33578,Morocco,581746,Afghanistan,641832
3483,0.33579,Syria,185959,Japan,227942
3484,0.33584,Vietnam,326748,Madagascar,592372
3485,0.33587,Uganda,241474,Congo,345333
3486,0.33588,Iceland,101819,Cambodia,180568
3487,0.33591,Syria,185959,Malawi,119162
3488,0.33594,Mozambique,788286,Chad,1266562
3489,0.33602,Russia,16530760,Cameroon,463871
3490,0.33602,Nigeria,907657,Myanmar,657126
3491,0.33629,Ethiopia,1127093,Bangladesh,132676
3492,0.33629,Tunisia,156035,Kenya,592055
3493,0.33635,Nepal,146977,Cameroon,463871
3494,0.33635,Morocco,581746,Guyana,211023
3495,0.33645,Finland,331769,Bangladesh,132676
3496,0.33647,Turkey,756928,S. Sudan,621325
3497,0.33650,United States of America,7930927,Japan,227942
3498,0.33656,Gabon,259500,Cameroon,463871
3499,0.33668,Turkmenistan,470916,Nicaragua,128749
3500,0.33675,Mexico,1953076,Madagascar,592372
3501,0.33695,Honduras,112883,Botswana,579136
3502,0.33700,Thailand,512543,Sweden,441301
3503,0.33731,Yemen,448856,Namibia,822543
3504,0.33734,S. Sudan,621325,Mozambique,788286
3505,0.33742,New Zealand,149472,Bulgaria,112612
3506,0.33760,Somalia,471542,Paraguay,399948
3507,0.33780,Turkmenistan,470916,Egypt,1001776
3508,0.33789,Spain,494570,Pakistan,872782
3509,0.33798,Spain,494570,Iceland,101819
3510,0.33819,Madagascar,592372,Kenya,592055
3511,0.33820,Cameroon,463871,Angola,1237945
3512,0.33823,Oman,308916,Morocco,581746
3513,0.33825,Honduras,112883,Gabon,259500
3514,0.33843,Tajikistan,142239,Bolivia,1086627
3515,0.33846,Thailand,512543,Central African Rep.,618323
3516,0.33852,Madagascar,592372,Bangladesh,132676
3517,0.33862,Somalia,471542,Philippines,105018
3518,0.33865,Uruguay,177467,Tunisia,156035
3519,0.33869,Mozambique,788286,Iran,1620461
3520,0.33870,Russia,16530760,Greenland,2150928
3521,0.33879,Turkey,756928,Belarus,207560
3522,0.33886,Syria,185959,Nepal,146977
3523,0.33906,Turkey,756928,Kenya,592055
3524,0.33909,Benin,116105,Belarus,207560
3525,0.33914,S. Sudan,621325,Myanmar,657126
3526,0.33918,Sweden,441301,Peru,1291023
3527,0.33921,Sudan,1856663,Bangladesh,132676
3528,0.33932,Turkey,756928,Guatemala,108101
3529,0.33941,Mexico,1953076,Benin,116105
3530,0.33949,Greece,107234,Myanmar,657126
3531,0.33961,Turkmenistan,470916,Algeria,2319284
3532,0.33966,Paraguay,399948,Bangladesh,132676
3533,0.33971,Benin,116105,Australia,7601866
3534,0.33972,Pakistan,872782,France,538334
3535,0.33981,Poland,313763,Madagascar,592372
3536,0.33982,Russia,16530760,Mexico,1953076
3537,0.33984,Zimbabwe,388993,Pakistan,872782
3538,0.34003,Tajikistan,142239,Sudan,1856663
3539,0.34010,Bolivia,1086627,Benin,116105
3540,0.34016,Venezuela,908879,Iceland,101819
3541,0.34024,Yemen,448856,Spain,494570
3542,0.34031,Turkmenistan,470916,Dem. Rep. Congo,2324445
3543,0.34039,Iceland,101819,Australia,7601866
3544,0.34041,Japan,227942,Indonesia,528768
3545,0.34046,Uzbekistan,447617,Colombia,1134360
3546,0.34058,Mexico,1953076,Congo,345333
3547,0.34060,United Kingdom,216959,Tajikistan,142239
3548,0.34065,Oman,308916,Egypt,1001776
3549,0.34067,Uruguay,177467,Tajikistan,142239
3550,0.34071,Mali,1254117,Japan,227942
3551,0.34077,Tunisia,156035,S. Sudan,621325
3552,0.34090,Thailand,512543,New Zealand,149472
3553,0.34100,Kyrgyzstan,199486,Iran,1620461
3554,0.34101,Somaliland,167804,Egypt,1001776
3555,0.34111,Thailand,512543,North Korea,122582
3556,0.34132,Philippines,105018,Norway,312323
3557,0.34141,S. Sudan,621325,Argentina,2761111
3558,0.34142,Poland,313763,North Korea,122582
3559,0.34155,Papua New Guinea,399427,Ghana,238558
3560,0.34186,Chad,1266562,Bangladesh,132676
3561,0.34189,Thailand,512543,Malawi,119162
3562,0.34194,Russia,16530760,North Korea,122582
3563,0.34200,Turkey,756928,Bolivia,1086627
3564,0.34205,Indonesia,528768,Congo,345333
3565,0.34209,Guatemala,108101,Myanmar,657126
3566,0.34227,Sweden,441301,South Africa,1249804
3567,0.34228,Ethiopia,1127093,Argentina,2761111
3568,0.34235,Finland,331769,Cambodia,180568
3569,0.34247,Cambodia,180568,Argentina,2761111
3570,0.34255,Indonesia,528768,Eritrea,122461
3571,0.34269,Tanzania,938765,Myanmar,657126
3572,0.34275,Namibia,822543,Benin,116105
3573,0.34286,Nigeria,907657,Bangladesh,132676
3574,0.34293,Mauritania,1035187,Myanmar,657126
3575,0.34296,Honduras,112883,Angola,1237945
3576,0.34301,Mongolia,1564510,Algeria,2319284
3577,0.34324,Ukraine,571764,Philippines,105018
3578,0.34326,Zambia,752775,Ecuador,246415
3579,0.34330,Nepal,146977,Mozambique,788286
3580,0.34343,Finland,331769,Ethiopia,1127093
3581,0.34344,Papua New Guinea,399427,Libya,1623722
3582,0.34358,Tajikistan,142239,Kenya,592055
3583,0.34371,France,538334,Bangladesh,132676
3584,0.34394,Uzbekistan,447617,Ecuador,246415
3585,0.34402,Syria,185959,Russia,16530760
3586,0.34405,Turkmenistan,470916,Morocco,581746
3587,0.34429,Zambia,752775,Honduras,112883
3588,0.34430,Norway,312323,Japan,227942
3589,0.34438,Suriname,144934,Somaliland,167804
3590,0.34441,Russia,16530760,Pakistan,872782
3591,0.34456,Brazil,8418355,Argentina,2761111
3592,0.34468,Germany,355533,Myanmar,657126
3593,0.34469,Iceland,101819,Dem. Rep. Congo,2324445
3594,0.34478,Mauritania,1035187,Finland,331769
3595,0.34494,Russia,16530760,Greece,107234
3596,0.34496,Zambia,752775,Mongolia,1564510
3597,0.34500,Suriname,144934,Oman,308916
3598,0.34502,Kenya,592055,Benin,116105
3599,0.34504,Romania,236340,Iceland,101819
3600,0.34521,Zimbabwe,388993,Honduras,112883
3601,0.34531,Nicaragua,128749,Honduras,112883
3602,0.34545,Cambodia,180568,Bangladesh,132676
3603,0.34549,Russia,16530760,Ecuador,246415
3604,0.34559,New Zealand,149472,Ghana,238558
3605,0.34561,Ethiopia,1127093,Myanmar,657126
3606,0.34579,Somalia,471542,Guinea,243939
3607,0.34584,Tunisia,156035,Gabon,259500
3608,0.34591,Paraguay,399948,Dem. Rep. Congo,2324445
3609,0.34610,Bulgaria,112612,Bangladesh,132676
3610,0.34615,Suriname,144934,Mongolia,1564510
3611,0.34632,Madagascar,592372,Belarus,207560
3612,0.34638,Bangladesh,132676,Australia,7601866
3613,0.34658,Kyrgyzstan,199486,Colombia,1134360
3614,0.34667,Tajikistan,142239,Algeria,2319284
3615,0.34691,Pakistan,872782,Dem. Rep. Congo,2324445
3616,0.34712,Pakistan,872782,Gabon,259500
3617,0.34718,Somalia,471542,Papua New Guinea,399427
3618,0.34727,Iceland,101819,Germany,355533
3619,0.34735,Spain,494570,Mongolia,1564510
3620,0.34735,Tanzania,938765,Tajikistan,142239
3621,0.34743,Madagascar,592372,Australia,7601866
3622,0.34764,Nepal,146977,Chad,1266562
3623,0.34775,Malaysia,194612,Cameroon,463871
3624,0.34789,Egypt,1001776,Greenland,2150928
3625,0.34792,Congo,345333,Canada,8142222
3626,0.34794,Finland,331769,China,9336905
3627,0.34813,Turkmenistan,470916,Suriname,144934
3628,0.34821,Philippines,105018,Paraguay,399948
3629,0.34822,Egypt,1001776,Afghanistan,641832
3630,0.34831,Madagascar,592372,Bolivia,1086627
3631,0.34841,Saudi Arabia,1920589,Congo,345333
3632,0.34842,Venezuela,908879,Bangladesh,132676
3633,0.34843,Côte d'Ivoire,320867,Cameroon,463871
3634,0.34854,Kyrgyzstan,199486,Chad,1266562
3635,0.34857,Kyrgyzstan,199486,Guyana,211023
3636,0.34873,Spain,494570,Bangladesh,132676
3637,0.34876,Uganda,241474,Papua New Guinea,399427
3638,0.34879,Saudi Arabia,1920589,Mozambique,788286
3639,0.34882,Thailand,512543,Mali,1254117
3640,0.34889,Zambia,752775,Afghanistan,641832
3641,0.34898,Zambia,752775,Burkina Faso,272627
3642,0.34902,Saudi Arabia,1920589,Nepal,146977
3643,0.34918,North Korea,122582,Nicaragua,128749
3644,0.34919,Turkmenistan,470916,Spain,494570
3645,0.34919,Tajikistan,142239,Egypt,1001776
3646,0.34919,India,3141579,Congo,345333
3647,0.34921,Ukraine,571764,Laos,228233
3648,0.34930,Russia,16530760,Colombia,1134360
3649,0.34941,Guatemala,108101,Finland,331769
3650,0.34942,Mongolia,1564510,Dem. Rep. Congo,2324445
3651,0.34946,Pakistan,872782,Angola,1237945
3652,0.34956,Pakistan,872782,Iceland,101819
3653,0.34958,Nicaragua,128749,Iceland,101819
3654,0.34964,Pakistan,872782,Algeria,2319284
3655,0.34975,Turkey,756928,Thailand,512543
3656,0.34994,Ukraine,571764,Thailand,512543
3657,0.35009,Papua New Guinea,399427,Colombia,1134360
3658,0.35028,Congo,345333,Bulgaria,112612
3659,0.35030,India,3141579,Finland,331769
3660,0.35031,Russia,16530760,Malawi,119162
3661,0.35036,Vietnam,326748,Congo,345333
3662,0.35049,Vietnam,326748,Russia,16530760
3663,0.35049,Mauritania,1035187,Kyrgyzstan,199486
3664,0.35053,Venezuela,908879,Kyrgyzstan,199486
3665,0.35056,Peru,1291023,Greece,107234
3666,0.35064,Tajikistan,142239,Greece,107234
3667,0.35065,Venezuela,908879,Italy,251034
3668,0.35065,Iceland,101819,Colombia,1134360
3669,0.35072,Italy,251034,Ghana,238558
3670,0.35076,Congo,345333,China,9336905
3671,0.35088,Sudan,1856663,North Korea,122582
3672,0.35105,Mozambique,788286,Bulgaria,112612
3673,0.35107,Iceland,101819,Gabon,259500
3674,0.35123,New Zealand,149472,Mali,1254117
3675,0.35129,Greece,107234,Congo,345333
3676,0.35135,Turkey,756928,Australia,7601866
3677,0.35145,Paraguay,399948,Kyrgyzstan,199486
3678,0.35150,Iran,1620461,Iceland,101819
3679,0.35153,Peru,1291023,Côte d'Ivoire,320867
3680,0.35162,Zambia,752775,Tajikistan,142239
3681,0.35178,Tajikistan,142239,Russia,16530760
3682,0.35200,Libya,1623722,Argentina,2761111
3683,0.35217,Zambia,752775,Myanmar,657126
3684,0.35233,Malaysia,194612,Kyrgyzstan,199486
3685,0.35234,Greece,107234,Eritrea,122461
3686,0.35252,Tajikistan,142239,Congo,345333
3687,0.35273,Tunisia,156035,France,538334
3688,0.35283,Thailand,512543,Nepal,146977
3689,0.35294,Germany,355533,Congo,345333
3690,0.35309,Vietnam,326748,Benin,116105
3691,0.35314,Somalia,471542,Greenland,2150928
3692,0.35315,Zambia,752775,Egypt,1001776
3693,0.35320,Tanzania,938765,New Zealand,149472
3694,0.35338,Zambia,752775,Guatemala,108101
3695,0.35351,Ghana,238558,Congo,345333
3696,0.35355,Venezuela,908879,Laos,228233
3697,0.35364,Morocco,581746,Central African Rep.,618323
3698,0.35380,Norway,312323,Myanmar,657126
3699,0.35382,Saudi Arabia,1920589,Iceland,101819
3700,0.35383,Papua New Guinea,399427,Ethiopia,1127093
3701,0.35396,Saudi Arabia,1920589,Eritrea,122461
3702,0.35436,North Korea,122582,France,538334
3703,0.35440,Nepal,146977,Mali,1254117
3704,0.35476,Thailand,512543,Morocco,581746
3705,0.35479,Turkey,756928,India,3141579
3706,0.35479,Guatemala,108101,Argentina,2761111
3707,0.35498,Cambodia,180568,Myanmar,657126
3708,0.35511,Nigeria,907657,Congo,345333
3709,0.35528,Namibia,822543,Madagascar,592372
3710,0.35538,Tajikistan,142239,Botswana,579136
3711,0.35547,Yemen,448856,Bangladesh,132676
3712,0.35549,Yemen,448856,Dem. Rep. Congo,2324445
3713,0.35553,Romania,236340,Congo,345333
3714,0.35553,Venezuela,908879,Japan,227942
3715,0.35559,Dem. Rep. Congo,2324445,Bangladesh,132676
3716,0.35562,Pakistan,872782,Bangladesh,132676
3717,0.35563,Eritrea,122461,Chad,1266562
3718,0.35569,Germany,355533,Bangladesh,132676
3719,0.35595,Suriname,144934,Cameroon,463871
3720,0.35598,Honduras,112883,Côte d'Ivoire,320867
3721,0.35609,Spain,494570,Honduras,112883
3722,0.35613,Laos,228233,Colombia,1134360
3723,0.35621,Kyrgyzstan,199486,Brazil,8418355
3724,0.35628,Vietnam,326748,Honduras,112883
3725,0.35632,Thailand,512543,Somalia,471542
3726,0.35634,Iceland,101819,Greece,107234
3727,0.35635,Spain,494570,Guyana,211023
3728,0.35638,Ghana,238558,Bangladesh,132676
3729,0.35639,Pakistan,872782,Côte d'Ivoire,320867
3730,0.35640,Japan,227942,Greece,107234
3731,0.35669,United States of America,7930927,Suriname,144934
3732,0.35671,North Korea,122582,Bangladesh,132676
3733,0.35672,Papua New Guinea,399427,Nigeria,907657
3734,0.35698,Uzbekistan,447617,Ghana,238558
3735,0.35705,Sweden,441301,Mozambique,788286
3736,0.35711,Sweden,441301,Cameroon,463871
3737,0.35725,Papua New Guinea,399427,Mauritania,1035187
3738,0.35736,Egypt,1001776,Congo,345333
3739,0.35745,Mozambique,788286,Colombia,1134360
3740,0.35748,Peru,1291023,Malawi,119162
3741,0.35750,Saudi Arabia,1920589,Bangladesh,132676
3742,0.35750,S. Sudan,621325,Finland,331769
3743,0.35751,Laos,228233,Iraq,437232
3744,0.35759,Philippines,105018,India,3141579
3745,0.35768,Vietnam,326748,Papua New Guinea,399427
3746,0.35773,Malaysia,194612,Burkina Faso,272627
3747,0.35786,Uzbekistan,447617,Iraq,437232
3748,0.35799,S. Sudan,621325,Congo,345333
3749,0.35808,Tajikistan,142239,Poland,313763
3750,0.35809,Philippines,105018,Guyana,211023
3751,0.35818,Zimbabwe,388993,North Korea,122582
3752,0.35825,Poland,313763,Benin,116105
3753,0.35847,Iraq,437232,Congo,345333
3754,0.35884,Iran,1620461,Eritrea,122461
3755,0.35890,Mexico,1953076,Chile,660283
3756,0.35913,Tajikistan,142239,Angola,1237945
3757,0.35947,Laos,228233,Brazil,8418355
3758,0.35947,Papua New Guinea,399427,Morocco,581746
3759,0.35950,Iceland,101819,Ghana,238558
3760,0.35951,Niger,1181195,Morocco,581746
3761,0.35952,Japan,227942,Chad,1266562
3762,0.35952,Turkey,756928,Botswana,579136
3763,0.35983,Turkey,756928,Iceland,101819
3764,0.36007,Tunisia,156035,Belarus,207560
3765,0.36030,Thailand,512543,Canada,8142222
3766,0.36032,Romania,236340,Papua New Guinea,399427
3767,0.36038,Saudi Arabia,1920589,Japan,227942
3768,0.36049,Turkey,756928,Gabon,259500
3769,0.36057,Peru,1291023,Malaysia,194612
3770,0.36059,Sudan,1856663,Benin,116105
3771,0.36065,Norway,312323,Madagascar,592372
3772,0.36070,Paraguay,399948,Egypt,1001776
3773,0.36076,Madagascar,592372,Gabon,259500
3774,0.36079,Nepal,146977,Bulgaria,112612
3775,0.36082,Romania,236340,Bangladesh,132676
3776,0.36089,Tunisia,156035,Australia,7601866
3777,0.36089,Canada,8142222,Bangladesh,132676
3778,0.36100,Eritrea,122461,Congo,345333
3779,0.36103,Venezuela,908879,Eritrea,122461
3780,0.36105,Italy,251034,Colombia,1134360
3781,0.36105,Iceland,101819,France,538334
3782,0.36144,New Zealand,149472,Indonesia,528768
3783,0.36157,Tanzania,938765,Congo,345333
3784,0.36160,Kyrgyzstan,199486,Ethiopia,1127093
3785,0.36178,Mongolia,1564510,Egypt,1001776
3786,0.36194,Guyana,211023,Dem. Rep. Congo,2324445
3787,0.36194,Iceland,101819,Benin,116105
3788,0.36212,United Kingdom,216959,Colombia,1134360
3789,0.36227,Honduras,112883,Algeria,2319284
3790,0.36228,Nigeria,907657,Kyrgyzstan,199486
3791,0.36230,Turkey,756928,Mexico,1953076
3792,0.36235,Nepal,146977,Ghana,238558
3793,0.36263,Paraguay,399948,Morocco,581746
3794,0.36264,United Kingdom,216959,Chad,1266562
3795,0.36267,Sudan,1856663,Congo,345333
3796,0.36269,Syria,185959,Sweden,441301
3797,0.36303,Oman,308916,Mexico,1953076
3798,0.36304,Gabon,259500,Bangladesh,132676
3799,0.36307,Tanzania,938765,Laos,228233
3800,0.36328,Zambia,752775,Uzbekistan,447617
3801,0.36341,Egypt,1001776,Cameroon,463871
3802,0.36346,Zambia,752775,Central African Rep.,618323
3803,0.36364,Saudi Arabia,1920589,Malawi,119162
3804,0.36376,Nicaragua,128749,Benin,116105
3805,0.36399,Japan,227942,India,3141579
3806,0.36401,Libya,1623722,Congo,345333
3807,0.36417,Honduras,112883,Dem. Rep. Congo,2324445
3808,0.36426,Mozambique,788286,Libya,1623722
3809,0.36427,Laos,228233,Germany,355533
3810,0.36427,Guatemala,108101,Congo,345333
3811,0.36463,Iceland,101819,Bulgaria,112612
3812,0.36463,Iceland,101819,Guyana,211023
3813,0.36465,Madagascar,592372,France,538334
3814,0.36471,United Kingdom,216959,Ecuador,246415
3815,0.36495,Tanzania,938765,Nepal,146977
3816,0.36500,Uzbekistan,447617,Iceland,101819
3817,0.36502,Russia,16530760,Morocco,581746
3818,0.36518,North Korea,122582,Angola,1237945
3819,0.36528,Romania,236340,Laos,228233
3820,0.36531,Namibia,822543,Argentina,2761111
3821,0.36534,Kenya,592055,Myanmar,657126
3822,0.36536,Botswana,579136,Benin,116105
3823,0.36538,Papua New Guinea,399427,Cambodia,180568
3824,0.36539,Ukraine,571764,Italy,251034
3825,0.36539,Malawi,119162,Kyrgyzstan,199486
3826,0.36551,Tunisia,156035,Angola,1237945
3827,0.36552,Thailand,512543,India,3141579
3828,0.36554,Namibia,822543,Guyana,211023
3829,0.36559,Bangladesh,132676,Angola,1237945
3830,0.36560,Japan,227942,Congo,345333
3831,0.36564,Saudi Arabia,1920589,Kyrgyzstan,199486
3832,0.36579,Vietnam,326748,Tunisia,156035
3833,0.36582,Uzbekistan,447617,Brazil,8418355
3834,0.36586,Uzbekistan,447617,S. Sudan,621325
3835,0.36590,Morocco,581746,Guinea,243939
3836,0.36593,Uruguay,177467,Iceland,101819
3837,0.36601,Sweden,441301,Kyrgyzstan,199486
3838,0.36650,Russia,16530760,Chad,1266562
3839,0.36664,Suriname,144934,Pakistan,872782
3840,0.36669,Kyrgyzstan,199486,Egypt,1001776
3841,0.36680,Kenya,592055,Bangladesh,132676
3842,0.36697,Eritrea,122461,Bulgaria,112612
3843,0.36709,Syria,185959,Philippines,105018
3844,0.36715,United Kingdom,216959,Indonesia,528768
3845,0.36721,Turkey,756928,France,538334
3846,0.36721,North Korea,122582,Algeria,2319284
3847,0.36732,Mozambique,788286,Ghana,238558
3848,0.36734,Malawi,119162,Chad,1266562
3849,0.36757,North Korea,122582,Gabon,259500
3850,0.36758,Tunisia,156035,Bolivia,1086627
3851,0.36773,Guyana,211023,Bangladesh,132676
3852,0.36803,Romania,236340,New Zealand,149472
3853,0.36822,Mozambique,788286,Mauritania,1035187
3854,0.36826,United States of America,7930927,New Zealand,149472
3855,0.36827,Poland,313763,Iceland,101819
3856,0.36830,Mali,1254117,Malawi,119162
3857,0.36854,Thailand,512543,Burkina Faso,272627
3858,0.36857,Vietnam,326748,Turkey,756928
3859,0.36858,Mauritania,1035187,Congo,345333
3860,0.36868,Laos,228233,Greece,107234
3861,0.36872,Mexico,1953076,Honduras,112883
3862,0.36872,Sudan,1856663,Finland,331769
3863,0.36883,Tajikistan,142239,Côte d'Ivoire,320867
3864,0.36885,Malawi,119162,Bulgaria,112612
3865,0.36922,Laos,228233,India,3141579
3866,0.36922,Russia,16530760,Japan,227942
3867,0.36923,Spain,494570,North Korea,122582
3868,0.36925,Norway,312323,Benin,116105
3869,0.36946,Japan,227942,Iran,1620461
3870,0.36948,Suriname,144934,Honduras,112883
3871,0.36960,Zambia,752775,Paraguay,399948
3872,0.36978,New Zealand,149472,Germany,355533
3873,0.36985,Philippines,105018,Namibia,822543
3874,0.36990,Tajikistan,142239,New Zealand,149472
3875,0.36998,Malaysia,194612,Iran,1620461
3876,0.37015,Benin,116105,Bangladesh,132676
3877,0.37054,Russia,16530760,Eritrea,122461
3878,0.37054,Sweden,441301,Mali,1254117
3879,0.37064,Madagascar,592372,Botswana,579136
3880,0.37080,Venezuela,908879,Congo,345333
3881,0.37086,Ethiopia,1127093,Congo,345333
3882,0.37105,Mozambique,788286,Ethiopia,1127093
3883,0.37125,Uganda,241474,Kyrgyzstan,199486
3884,0.37126,Tunisia,156035,Côte d'Ivoire,320867
3885,0.37131,South Africa,1249804,Philippines,105018
3886,0.37179,Zimbabwe,388993,Tajikistan,142239
3887,0.37182,Morocco,581746,Greenland,2150928
3888,0.37211,United Kingdom,216959,China,9336905
3889,0.37220,Sweden,441301,Chad,1266562
3890,0.37230,North Korea,122582,Côte d'Ivoire,320867
3891,0.37239,Zimbabwe,388993,Turkey,756928
3892,0.37250,Uruguay,177467,Finland,331769
3893,0.37253,Uganda,241474,Laos,228233
3894,0.37260,United Kingdom,216959,Bulgaria,112612
3895,0.37282,New Zealand,149472,Kyrgyzstan,199486
3896,0.37289,Zambia,752775,Yemen,448856
3897,0.37302,Mozambique,788286,Cambodia,180568
3898,0.37306,Honduras,112883,Egypt,1001776
3899,0.37308,Uzbekistan,447617,Romania,236340
3900,0.37316,Congo,345333,Brazil,8418355
3901,0.37325,United Kingdom,216959,Saudi Arabia,1920589
3902,0.37334,Italy,251034,Bangladesh,132676
3903,0.37374,South Africa,1249804,Japan,227942
3904,0.37375,Laos,228233,China,9336905
3905,0.37381,Nicaragua,128749,Madagascar,592372
3906,0.37412,North Korea,122582,Mexico,1953076
3907,0.37425,Japan,227942,Bulgaria,112612
3908,0.37438,Turkey,756928,Nicaragua,128749
3909,0.37456,Namibia,822543,Eritrea,122461
3910,0.37466,Kyrgyzstan,199486,Bulgaria,112612
3911,0.37468,Zambia,752775,Sweden,441301
3912,0.37485,Uzbekistan,447617,Uganda,241474
3913,0.37500,Turkey,756928,Côte d'Ivoire,320867
3914,0.37516,Suriname,144934,Peru,1291023
3915,0.37522,Libya,1623722,Kyrgyzstan,199486
3916,0.37525,South Africa,1249804,Malawi,119162
3917,0.37527,Kenya,592055,Finland,331769
3918,0.37538,Laos,228233,Ecuador,246415
3919,0.37558,Japan,227942,Iraq,437232
3920,0.37563,Uganda,241474,Russia,16530760
3921,0.37564,Laos,228233,Bangladesh,132676
3922,0.37565,Zimbabwe,388993,Madagascar,592372
3923,0.37582,Yemen,448856,Egypt,1001776
3924,0.37587,Uganda,241474,Mozambique,788286
3925,0.37595,Iraq,437232,Eritrea,122461
3926,0.37600,North Korea,122582,Dem. Rep. Congo,2324445
3927,0.37603,Morocco,581746,Congo,345333
3928,0.37608,Senegal,196609,Canada,8142222
3929,0.37609,Nigeria,907657,Mozambique,788286
3930,0.37615,United States of America,7930927,Nepal,146977
3931,0.37625,Uruguay,177467,Argentina,2761111
3932,0.37631,Yemen,448856,Thailand,512543
3933,0.37650,South Africa,1249804,Eritrea,122461
3934,0.37663,Eritrea,122461,Brazil,8418355
3935,0.37683,France,538334,Benin,116105
3936,0.37688,Kyrgyzstan,199486,Cambodia,180568
3937,0.37693,Uzbekistan,447617,Tanzania,938765
3938,0.37702,Vietnam,326748,Greece,107234
3939,0.37712,Madagascar,592372,Angola,1237945
3940,0.37717,Nepal,146977,Germany,355533
3941,0.37719,Philippines,105018,China,9336905
3942,0.37722,Uzbekistan,447617,Namibia,822543
3943,0.37726,Nepal,146977,Kyrgyzstan,199486
3944,0.37737,United States of America,7930927,Sweden,441301
3945,0.37741,Philippines,105018,Indonesia,528768
3946,0.37745,Mozambique,788286,Australia,7601866
3947,0.37757,Uzbekistan,447617,Germany,355533
3948,0.37774,New Zealand,149472,Colombia,1134360
3949,0.37776,Vietnam,326748,Mozambique,788286
3950,0.37777,United States of America,7930927,Canada,8142222
3951,0.37778,United Kingdom,216959,India,3141579
3952,0.37796,Tanzania,938765,Iceland,101819
3953,0.37803,Italy,251034,Brazil,8418355
3954,0.37809,Namibia,822543,Japan,227942
3955,0.37840,Romania,236340,Italy,251034
3956,0.37848,Italy,251034,Iraq,437232
3957,0.37853,Greece,107234,Argentina,2761111
3958,0.37854,Congo,345333,Cambodia,180568
3959,0.37865,Turkey,756928,Angola,1237945
3960,0.37875,Mozambique,788286,Morocco,581746
3961,0.37902,Papua New Guinea,399427,Australia,7601866
3962,0.37908,Malawi,119162,Indonesia,528768
3963,0.37915,Venezuela,908879,New Zealand,149472
3964,0.37982,Somalia,471542,Burkina Faso,272627
3965,0.37997,Papua New Guinea,399427,Germany,355533
3966,0.37998,Mexico,1953076,Kyrgyzstan,199486
3967,0.38004,Zambia,752775,Turkey,756928
3968,0.38011,Somalia,471542,Iran,1620461
3969,0.38012,Sweden,441301,Saudi Arabia,1920589
3970,0.38015,Ghana,238558,Eritrea,122461
3971,0.38017,Somalia,471542,Mozambique,788286
3972,0.38047,Turkmenistan,470916,Mexico,1953076
3973,0.38054,Zimbabwe,388993,Benin,116105
3974,0.38055,Somaliland,167804,Mexico,1953076
3975,0.38064,Laos,228233,Cambodia,180568
3976,0.38069,Uzbekistan,447617,Mauritania,1035187
3977,0.38076,Laos,228233,Guatemala,108101
3978,0.38125,Sudan,1856663,Argentina,2761111
3979,0.38130,Norway,312323,Honduras,112883
3980,0.38140,Madagascar,592372,Côte d'Ivoire,320867
3981,0.38145,United States of America,7930927,Greece,107234
3982,0.38147,Uzbekistan,447617,Nigeria,907657
3983,0.38185,Thailand,512543,Greenland,2150928
3984,0.38189,Japan,227942,Iceland,101819
3985,0.38203,Zimbabwe,388993,Tunisia,156035
3986,0.38219,Bolivia,1086627,Argentina,2761111
3987,0.38219,Laos,228233,Iceland,101819
3988,0.38225,India,3141579,Eritrea,122461
3989,0.38232,Iceland,101819,Bolivia,1086627
3990,0.38238,Tunisia,156035,Egypt,1001776
3991,0.38242,Spain,494570,Papua New Guinea,399427
3992,0.38244,Greece,107234,Finland,331769
3993,0.38269,Russia,16530760,India,3141579
3994,0.38295,Nepal,146977,Indonesia,528768
3995,0.38296,Russia,16530760,Indonesia,528768
3996,0.38300,Vietnam,326748,North Korea,122582
3997,0.38304,Saudi Arabia,1920589,Russia,16530760
3998,0.38317,Poland,313763,Finland,331769
3999,0.38319,Uganda,241474,New Zealand,149472
4000,0.38324,Italy,251034,Greece,107234
4001,0.38348,Turkey,756928,Namibia,822543
4002,0.38376,Kyrgyzstan,199486,Ghana,238558
4003,0.38384,Gabon,259500,Benin,116105
4004,0.38385,Malaysia,194612,Greece,107234
4005,0.38391,Ukraine,571764,Japan,227942
4006,0.38391,Namibia,822543,Finland,331769
4007,0.38392,Iceland,101819,Algeria,2319284
4008,0.38404,Tanzania,938765,Italy,251034
4009,0.38409,Syria,185959,Malaysia,194612
4010,0.38425,Japan,227942,Brazil,8418355
4011,0.38439,Russia,16530760,Bulgaria,112612
4012,0.38452,Uganda,241474,Italy,251034
4013,0.38456,Libya,1623722,Laos,228233
4014,0.38460,Thailand,512543,South Africa,1249804
4015,0.38463,Kenya,592055,Argentina,2761111
4016,0.38465,Iceland,101819,Eritrea,122461
4017,0.38470,Malawi,119162,Ghana,238558
4018,0.38477,Papua New Guinea,399427,Canada,8142222
4019,0.38490,Myanmar,657126,Australia,7601866
4020,0.38503,Tunisia,156035,Botswana,579136
4021,0.38508,Philippines,105018,Ecuador,246415
4022,0.38516,Romania,236340,Nepal,146977
4023,0.38542,Italy,251034,India,3141579
4024,0.38546,United Kingdom,216959,Ghana,238558
4025,0.38581,Spain,494570,Benin,116105
4026,0.38587,Romania,236340,Mozambique,788286
4027,0.38590,Nigeria,907657,Laos,228233
4028,0.38602,Uzbekistan,447617,Libya,1623722
4029,0.38623,Venezuela,908879,United Kingdom,216959
4030,0.38628,Suriname,144934,North Korea,122582
4031,0.38629,Kenya,592055,Iceland,101819
4032,0.38642,Finland,331769,Australia,7601866
4033,0.38658,Romania,236340,Kyrgyzstan,199486
4034,0.38662,Thailand,512543,Syria,185959
4035,0.38664,Mali,1254117,Malaysia,194612
4036,0.38668,Madagascar,592372,Algeria,2319284
4037,0.38677,Senegal,196609,Egypt,1001776
4038,0.38680,Uzbekistan,447617,Cambodia,180568
4039,0.38698,Mozambique,788286,Germany,355533
4040,0.38705,Turkey,756928,Norway,312323
4041,0.38708,Tajikistan,142239,Nepal,146977
4042,0.38711,Uruguay,177467,Myanmar,657126
4043,0.38713,Yemen,448856,Mexico,1953076
4044,0.38717,Eritrea,122461,China,9336905
4045,0.38733,Russia,16530760,Germany,355533
4046,0.38749,Turkey,756928,Bangladesh,132676
4047,0.38787,Russia,16530760,Iraq,437232
4048,0.38794,Senegal,196609,Iceland,101819
4049,0.38810,North Korea,122582,Iceland,101819
4050,0.38820,Nicaragua,128749,Bangladesh,132676
4051,0.38821,Mauritania,1035187,Laos,228233
4052,0.38829,Zambia,752775,India,3141579
4053,0.38843,Zambia,752775,Iran,1620461
4054,0.38879,Tunisia,156035,Suriname,144934
4055,0.38883,Benin,116105,Algeria,2319284
4056,0.38885,Iceland,101819,Belarus,207560
4057,0.38891,Uruguay,177467,Bangladesh,132676
4058,0.38923,Spain,494570,Madagascar,592372
4059,0.38924,Sudan,1856663,Myanmar,657126
4060,0.38925,Japan,227942,Ghana,238558
4061,0.38936,Tanzania,938765,Papua New Guinea,399427
4062,0.38940,United Kingdom,216959,Uganda,241474
4063,0.38945,Venezuela,908879,Philippines,105018
4064,0.38962,Norway,312323,Congo,345333
4065,0.38993,Japan,227942,China,9336905
4066,0.38993,Poland,313763,Bangladesh,132676
4067,0.38996,Guyana,211023,Egypt,1001776
4068,0.39002,Zambia,752775,Greenland,2150928
4069,0.39034,Malawi,119162,Chile,660283
4070,0.39036,Russia,16530760,Romania,236340
4071,0.39040,Côte d'Ivoire,320867,Benin,116105
4072,0.39059,Sudan,1856663,Papua New Guinea,399427
4073,0.39079,Uzbekistan,447617,Ethiopia,1127093
4074,0.39084,Ukraine,571764,Eritrea,122461
4075,0.39088,Laos,228233,Ethiopia,1127093
4076,0.39096,Italy,251034,Ecuador,246415
4077,0.39110,Somalia,471542,Cameroon,463871
4078,0.39112,Spain,494570,Mozambique,788286
4079,0.39115,Tanzania,938765,Sweden,441301
4080,0.39133,Spain,494570,Kyrgyzstan,199486
4081,0.39158,Thailand,512543,Namibia,822543
4082,0.39160,Benin,116105,Angola,1237945
4083,0.39161,Turkey,756928,Suriname,144934
4084,0.39165,Belarus,207560,Argentina,2761111
4085,0.39170,Turkey,756928,Algeria,2319284
4086,0.39178,Ukraine,571764,New Zealand,149472
4087,0.39179,Kyrgyzstan,199486,Dem. Rep. Congo,2324445
4088,0.39210,Sweden,441301,Bulgaria,112612
4089,0.39215,Iceland,101819,Angola,1237945
4090,0.39235,Pakistan,872782,Mexico,1953076
4091,0.39237,Vietnam,326748,Mongolia,1564510
4092,0.39245,Tunisia,156035,Namibia,822543
4093,0.39252,Italy,251034,China,9336905
4094,0.39268,Papua New Guinea,399427,Egypt,1001776
4095,0.39348,Sweden,441301,Ghana,238558
4096,0.39351,Paraguay,399948,Mexico,1953076
4097,0.39355,Bolivia,1086627,Bangladesh,132676
4098,0.39356,Myanmar,657126,Belarus,207560
4099,0.39361,Peru,1291023,Mexico,1953076
4100,0.39361,United Kingdom,216959,Germany,355533
4101,0.39364,Kyrgyzstan,199486,Germany,355533
4102,0.39370,Russia,16530760,Norway,312323
4103,0.39372,Russia,16530760,Guatemala,108101
4104,0.39373,Tunisia,156035,Nicaragua,128749
4105,0.39389,Morocco,581746,Cameroon,463871
4106,0.39397,Tajikistan,142239,Suriname,144934
4107,0.39398,Finland,331769,Belarus,207560
4108,0.39408,Poland,313763,Argentina,2761111
4109,0.39421,Russia,16530760,Ghana,238558
4110,0.39421,Papua New Guinea,399427,Norway,312323
4111,0.39426,Myanmar,657126,Bolivia,1086627
4112,0.39436,Uganda,241474,Nepal,146977
4113,0.39460,Thailand,512543,Paraguay,399948
4114,0.39460,Australia,7601866,Argentina,2761111
4115,0.39464,New Zealand,149472,Iraq,437232
4116,0.39480,Iceland,101819,Côte d'Ivoire,320867
4117,0.39494,Tanzania,938765,Bangladesh,132676
4118,0.39506,Zimbabwe,388993,Iceland,101819
4119,0.39514,Kenya,592055,Congo,345333
4120,0.39532,South Africa,1249804,Malaysia,194612
4121,0.39535,Bangladesh,132676,Algeria,2319284
4122,0.39538,Spain,494570,Myanmar,657126
4123,0.39561,United Kingdom,216959,Romania,236340
4124,0.39572,Zambia,752775,Colombia,1134360
4125,0.39577,Mexico,1953076,Guyana,211023
4126,0.39580,France,538334,Myanmar,657126
4127,0.39581,Vietnam,326748,Kyrgyzstan,199486
4128,0.39591,Papua New Guinea,399427,Nicaragua,128749
4129,0.39612,Mexico,1953076,Central African Rep.,618323
4130,0.39620,Zambia,752775,Cameroon,463871
4131,0.39620,Tanzania,938765,Russia,16530760
4132,0.39622,Zambia,752775,China,9336905
4133,0.39623,Suriname,144934,Madagascar,592372
4134,0.39623,United Kingdom,216959,Iraq,437232
4135,0.39628,Vietnam,326748,Oman,308916
4136,0.39640,Vietnam,326748,Somaliland,167804
4137,0.39642,United Kingdom,216959,S. Sudan,621325
4138,0.39646,Gabon,259500,Finland,331769
4139,0.39647,Finland,331769,Bolivia,1086627
4140,0.39648,Mongolia,1564510,Mexico,1953076
4141,0.39649,Nepal,146977,Colombia,1134360
4142,0.39670,Philippines,105018,Iran,1620461
4143,0.39687,Venezuela,908879,Russia,16530760
4144,0.39689,Russia,16530760,Nigeria,907657
4145,0.39702,Philippines,105018,Iraq,437232
4146,0.39707,Uzbekistan,447617,Guatemala,108101
4147,0.39712,United States of America,7930927,Malawi,119162
4148,0.39713,Vietnam,326748,Turkmenistan,470916
4149,0.39713,Italy,251034,Germany,355533
4150,0.39715,Philippines,105018,Chad,1266562
4151,0.39716,Oman,308916,Greece,107234
4152,0.39723,Thailand,512543,Guyana,211023
4153,0.39751,Somalia,471542,Peru,1291023
4154,0.39808,Tunisia,156035,Algeria,2319284
4155,0.39820,Tunisia,156035,Norway,312323
4156,0.39822,Senegal,196609,Bangladesh,132676
4157,0.39827,Philippines,105018,Canada,8142222
4158,0.39830,Madagascar,592372,Dem. Rep. Congo,2324445
4159,0.39832,Tanzania,938765,Malawi,119162
4160,0.39880,United Kingdom,216959,Brazil,8418355
4161,0.39881,United Kingdom,216959,Canada,8142222
4162,0.39888,United States of America,7930927,Malaysia,194612
4163,0.39913,Russia,16530760,China,9336905
4164,0.39925,Dem. Rep. Congo,2324445,Benin,116105
4165,0.39927,Norway,312323,North Korea,122582
4166,0.39931,Malawi,119162,Colombia,1134360
4167,0.39933,Zambia,752775,Nepal,146977
4168,0.39937,Sweden,441301,Chile,660283
4169,0.39943,Zambia,752775,Uganda,241474
4170,0.39985,Nigeria,907657,Italy,251034
4171,0.39989,Zambia,752775,Sudan,1856663
4172,0.40005,Peru,1291023,Canada,8142222
4173,0.40013,Sudan,1856663,Russia,16530760
4174,0.40020,New Zealand,149472,Brazil,8418355
4175,0.40052,Belarus,207560,Bangladesh,132676
4176,0.40057,Côte d'Ivoire,320867,Bangladesh,132676
4177,0.40062,Papua New Guinea,399427,Kenya,592055
4178,0.40062,Eritrea,122461,Ecuador,246415
4179,0.40093,Papua New Guinea,399427,Dem. Rep. Congo,2324445
4180,0.40095,Libya,1623722,Italy,251034
4181,0.40099,Thailand,512543,Ecuador,246415
4182,0.40100,S. Sudan,621325,Russia,16530760
4183,0.40105,Italy,251034,Chile,660283
4184,0.40144,Sweden,441301,Germany,355533
4185,0.40146,Ukraine,571764,Nepal,146977
4186,0.40147,Zambia,752775,Guyana,211023
4187,0.40157,Eritrea,122461,Bangladesh,132676
4188,0.40167,Zambia,752775,Senegal,196609
4189,0.40176,Zambia,752775,Syria,185959
4190,0.40181,Philippines,105018,Guatemala,108101
4191,0.40187,Tajikistan,142239,Malawi,119162
4192,0.40190,France,538334,Finland,331769
4193,0.40207,Russia,16530760,Egypt,1001776
4194,0.40207,Namibia,822543,Laos,228233
4195,0.40223,Sudan,1856663,Kyrgyzstan,199486
4196,0.40238,Mali,1254117,Greece,107234
4197,0.40268,Italy,251034,Iceland,101819
4198,0.40282,Ukraine,571764,Sweden,441301
4199,0.40286,United Kingdom,216959,Guatemala,108101
4200,0.40298,Zambia,752775,Benin,116105
4201,0.40310,Gabon,259500,Congo,345333
4202,0.40322,Venezuela,908879,Thailand,512543
4203,0.40335,Uruguay,177467,Papua New Guinea,399427
4204,0.40346,Myanmar,657126,Angola,1237945
4205,0.40349,France,538334,Congo,345333
4206,0.40356,Thailand,512543,China,9336905
4207,0.40378,Zambia,752775,Iraq,437232
4208,0.40400,Russia,16530760,Libya,1623722
4209,0.40404,Mexico,1953076,Guinea,243939
4210,0.40408,Zambia,752775,Mexico,1953076
4211,0.40422,Namibia,822543,Congo,345333
4212,0.40439,Gabon,259500,Myanmar,657126
4213,0.40475,Morocco,581746,Burkina Faso,272627
4214,0.40483,Kyrgyzstan,199486,Australia,7601866
4215,0.40489,Japan,227942,Ecuador,246415
4216,0.40503,Tunisia,156035,Dem. Rep. Congo,2324445
4217,0.40513,Madagascar,592372,Egypt,1001776
4218,0.40532,Japan,227942,Bangladesh,132676
4219,0.40533,New Zealand,149472,Cambodia,180568
4220,0.40534,S. Sudan,621325,Laos,228233
4221,0.40547,Iceland,101819,Botswana,579136
4222,0.40559,Nicaragua,128749,Mozambique,788286
4223,0.40565,Turkey,756928,Spain,494570
4224,0.40571,Suriname,144934,Benin,116105
4225,0.40591,Zambia,752775,Laos,228233
4226,0.40597,Syria,185959,Somalia,471542
4227,0.40603,Nicaragua,128749,Myanmar,657126
4228,0.40614,Poland,313763,Congo,345333
4229,0.40627,Zambia,752775,S. Sudan,621325
4230,0.40630,United Kingdom,216959,Tanzania,938765
4231,0.40652,Saudi Arabia,1920589,Philippines,105018
4232,0.40652,Tanzania,938765,Kyrgyzstan,199486
4233,0.40656,Tanzania,938765,Mozambique,788286
4234,0.40664,Mauritania,1035187,Italy,251034
4235,0.40672,Tunisia,156035,Spain,494570
4236,0.40685,Venezuela,908879,Malawi,119162
4237,0.40722,Tajikistan,142239,Sweden,441301
4238,0.40734,Vietnam,326748,Pakistan,872782
4239,0.40752,Nigeria,907657,New Zealand,149472
4240,0.40763,Sweden,441301,Indonesia,528768
4241,0.40767,Zambia,752775,Chad,1266562
4242,0.40796,Thailand,512543,Indonesia,528768
4243,0.40805,United Kingdom,216959,Nigeria,907657
4244,0.40806,Malaysia,194612,Chad,1266562
4245,0.40808,Uruguay,177467,Congo,345333
4246,0.40828,Papua New Guinea,399427,Bolivia,1086627
4247,0.40832,Poland,313763,Myanmar,657126
4248,0.40835,Russia,16530760,Mauritania,1035187
4249,0.40837,Philippines,105018,Brazil,8418355
4250,0.40842,Japan,227942,Guatemala,108101
4251,0.40868,Mexico,1953076,Afghanistan,641832
4252,0.40868,New Zealand,149472,Libya,1623722
4253,0.40868,Tajikistan,142239,Malaysia,194612
4254,0.40871,France,538334,Argentina,2761111
4255,0.40874,Nicaragua,128749,Argentina,2761111
4256,0.40875,Somalia,471542,Kyrgyzstan,199486
4257,0.40885,Turkey,756928,Dem. Rep. Congo,2324445
4258,0.40893,Sweden,441301,Colombia,1134360
4259,0.40898,Laos,228233,Australia,7601866
4260,0.40958,Dem. Rep. Congo,2324445,Myanmar,657126
4261,0.40964,Sweden,441301,Iceland,101819
4262,0.40967,Nepal,146977,Iraq,437232
4263,0.40996,United Kingdom,216959,Libya,1623722
4264,0.40999,Mozambique,788286,Dem. Rep. Congo,2324445
4265,0.41013,Somaliland,167804,Greece,107234
4266,0.41014,Sweden,441301,Romania,236340
4267,0.41021,Nicaragua,128749,Kyrgyzstan,199486
4268,0.41027,S. Sudan,621325,Italy,251034
4269,0.41029,Zambia,752775,Germany,355533
4270,0.41032,Russia,16530760,Brazil,8418355
4271,0.41062,Romania,236340,Eritrea,122461
4272,0.41065,Pakistan,872782,Egypt,1001776
4273,0.41081,Namibia,822543,Italy,251034
4274,0.41088,Venezuela,908879,Nepal,146977
4275,0.41093,Zimbabwe,388993,Bangladesh,132676
4276,0.41106,Italy,251034,Cambodia,180568
4277,0.41123,New Zealand,149472,Ecuador,246415
4278,0.41124,Mexico,1953076,Greenland,2150928
4279,0.41125,Norway,312323,Mozambique,788286
4280,0.41131,Malawi,119162,Germany,355533
4281,0.41143,Italy,251034,Ethiopia,1127093
4282,0.41158,Gabon,259500,Argentina,2761111
4283,0.41197,Russia,16530760,Ethiopia,1127093
4284,0.41205,United Kingdom,216959,Mauritania,1035187
4285,0.41227,Nepal,146977,Iceland,101819
4286,0.41234,S. Sudan,621325,Philippines,105018
4287,0.41237,Eritrea,122461,Chile,660283
4288,0.41254,Zambia,752775,Libya,1623722
4289,0.41255,S. Sudan,621325,Eritrea,122461
4290,0.41272,Zambia,752775,Indonesia,528768
4291,0.41293,Botswana,579136,Argentina,2761111
4292,0.41338,Finland,331769,Angola,1237945
4293,0.41354,Papua New Guinea,399427,France,538334
4294,0.41366,Kyrgyzstan,199486,Bolivia,1086627
4295,0.41375,Saudi Arabia,1920589,Malaysia,194612
4296,0.41386,United Kingdom,216959,Cambodia,180568
4297,0.41404,Guatemala,108101,Eritrea,122461
4298,0.41404,Romania,236340,Japan,227942
4299,0.41408,Peru,1291023,Morocco,581746
4300,0.41409,Thailand,512543,Chile,660283
4301,0.41445,Mozambique,788286,Bolivia,1086627
4302,0.41458,Libya,1623722,Eritrea,122461
4303,0.41481,Romania,236340,Malawi,119162
4304,0.41491,Norway,312323,Mongolia,1564510
4305,0.41498,Kyrgyzstan,199486,Kenya,592055
4306,0.41515,Egypt,1001776,Myanmar,657126
4307,0.41521,Nicaragua,128749,Finland,331769
4308,0.41529,Congo,345333,Angola,1237945
4309,0.41546,Niger,1181195,Mexico,1953076
4310,0.41567,South Africa,1249804,Somalia,471542
4311,0.41593,Thailand,512543,Iran,1620461
4312,0.41644,Madagascar,592372,Greece,107234
4313,0.41678,Morocco,581746,Iran,1620461
4314,0.41691,Zambia,752775,Nigeria,907657
4315,0.41702,Uruguay,177467,Kyrgyzstan,199486
4316,0.41707,Papua New Guinea,399427,Belarus,207560
4317,0.41724,Kyrgyzstan,199486,France,538334
4318,0.41724,Philippines,105018,Chile,660283
4319,0.41729,Japan,227942,Colombia,1134360
4320,0.41754,Somalia,471542,Mali,1254117
4321,0.41772,Yemen,448856,Vietnam,326748
4322,0.41783,Zambia,752775,Ethiopia,1127093
4323,0.41784,Uganda,241474,Sweden,441301
4324,0.41793,Zimbabwe,388993,Argentina,2761111
4325,0.41824,Philippines,105018,Bulgaria,112612
4326,0.41827,Russia,16530760,Cambodia,180568
4327,0.41835,Vietnam,326748,Afghanistan,641832
4328,0.41846,Nepal,146977,Cambodia,180568
4329,0.41880,Myanmar,657126,Botswana,579136
4330,0.41884,Finland,331769,Botswana,579136
4331,0.41906,New Zealand,149472,Ethiopia,1127093
4332,0.41914,United Kingdom,216959,Ethiopia,1127093
4333,0.41940,Uganda,241474,Eritrea,122461
4334,0.41952,New Zealand,149472,Chile,660283
4335,0.41954,Thailand,512543,Iraq,437232
4336,0.41954,Nepal,146977,Brazil,8418355
4337,0.41987,Zambia,752775,Italy,251034
4338,0.41991,Botswana,579136,Bangladesh,132676
4339,0.41992,Nepal,146977,Libya,1623722
4340,0.41993,Eritrea,122461,Cambodia,180568
4341,0.42021,Guinea,243939,Greece,107234
4342,0.42030,Somaliland,167804,Norway,312323
4343,0.42046,United Kingdom,216959,Namibia,822543
4344,0.42075,Nepal,146977,Chile,660283
4345,0.42081,Tajikistan,142239,Mexico,1953076
4346,0.42099,Norway,312323,Kyrgyzstan,199486
4347,0.42099,Sweden,441301,Greece,107234
4348,0.42103,Malaysia,194612,Bulgaria,112612
4349,0.42110,Nigeria,907657,Nepal,146977
4350,0.42124,Zimbabwe,388993,Finland,331769
4351,0.42128,Papua New Guinea,399427,Gabon,259500
4352,0.42133,Ukraine,571764,Canada,8142222
4353,0.42138,Mozambique,788286,Kenya,592055
4354,0.42143,Nepal,146977,Ecuador,246415
4355,0.42155,Zambia,752775,Brazil,8418355
4356,0.42172,Mauritania,1035187,Japan,227942
4357,0.42176,Uzbekistan,447617,Chile,660283
4358,0.42204,Ethiopia,1127093,Eritrea,122461
4359,0.42213,Mozambique,788286,Egypt,1001776
4360,0.42218,New Zealand,149472,Mauritania,1035187
4361,0.42221,Finland,331769,Côte d'Ivoire,320867
4362,0.42222,Uzbekistan,447617,Australia,7601866
4363,0.42233,Dem. Rep. Congo,2324445,Argentina,2761111
4364,0.42250,Ukraine,571764,Malawi,119162
4365,0.42261,S. Sudan,621325,Japan,227942
4366,0.42262,Congo,345333,Australia,7601866
4367,0.42304,Myanmar,657126,Algeria,2319284
4368,0.42309,Suriname,144934,Iceland,101819
4369,0.42323,Zambia,752775,Malaysia,194612
4370,0.42328,Poland,313763,Papua New Guinea,399427
4371,0.42330,Zimbabwe,388993,Myanmar,657126
4372,0.42333,Nigeria,907657,Eritrea,122461
4373,0.42335,Zambia,752775,Cambodia,180568
4374,0.42346,Argentina,2761111,Angola,1237945
4375,0.42349,Mozambique,788286,Belarus,207560
4376,0.42354,Morocco,581746,Kyrgyzstan,199486
4377,0.42369,Spain,494570,Argentina,2761111
4378,0.42372,New Zealand,149472,China,9336905
4379,0.42375,Eritrea,122461,Colombia,1134360
4380,0.42376,Uruguay,177467,Mozambique,788286
4381,0.42379,Malaysia,194612,Indonesia,528768
4382,0.42385,Tanzania,938765,Eritrea,122461
4383,0.42389,Tunisia,156035,Greece,107234
4384,0.42398,Italy,251034,Guatemala,108101
4385,0.42402,Nigeria,907657,Japan,227942
4386,0.42420,Greece,107234,Cameroon,463871
4387,0.42453,Sudan,1856663,Mozambique,788286
4388,0.42453,Turkmenistan,470916,Norway,312323
4389,0.42455,Zambia,752775,North Korea,122582
4390,0.42472,Mozambique,788286,France,538334
4391,0.42485,Uganda,241474,Malawi,119162
4392,0.42485,Uganda,241474,Japan,227942
4393,0.42486,Zambia,752775,Mauritania,1035187
4394,0.42515,Mauritania,1035187,Eritrea,122461
4395,0.42522,Libya,1623722,Japan,227942
4396,0.42535,Spain,494570,Finland,331769
4397,0.42548,Vietnam,326748,Central African Rep.,618323
4398,0.42551,Uzbekistan,447617,Kenya,592055
4399,0.42576,New Zealand,149472,Iceland,101819
4400,0.42583,Finland,331769,Egypt,1001776
4401,0.42607,Malawi,119162,Iraq,437232
4402,0.42627,Japan,227942,Ethiopia,1127093
4403,0.42636,Mozambique,788286,Canada,8142222
4404,0.42681,Somalia,471542,Saudi Arabia,1920589
4405,0.42685,Japan,227942,Chile,660283
4406,0.42692,Mexico,1953076,Mali,1254117
4407,0.42697,Uzbekistan,447617,Bolivia,1086627
4408,0.42704,Laos,228233,Belarus,207560
4409,0.42776,Turkey,756928,Egypt,1001776
4410,0.42780,Turkmenistan,470916,Greece,107234
4411,0.42788,Norway,312323,Greece,107234
4412,0.42789,Pakistan,872782,Norway,312323
4413,0.42808,United States of America,7930927,Senegal,196609
4414,0.42808,Thailand,512543,Chad,1266562
4415,0.42813,North Korea,122582,Egypt,1001776
4416,0.42816,Uruguay,177467,Laos,228233
4417,0.42826,Egypt,1001776,Argentina,2761111
4418,0.42842,Argentina,2761111,Algeria,2319284
4419,0.42842,Japan,227942,Cambodia,180568
4420,0.42850,Tanzania,938765,Japan,227942
4421,0.42867,Oman,308916,Norway,312323
4422,0.42899,Zambia,752775,Romania,236340
4423,0.42904,Greece,107234,Benin,116105
4424,0.42919,Somalia,471542,Chad,1266562
4425,0.42922,Côte d'Ivoire,320867,Myanmar,657126
4426,0.42930,United Kingdom,216959,Sudan,1856663
4427,0.42968,Malawi,119162,Brazil,8418355
4428,0.42978,Kyrgyzstan,199486,Belarus,207560
4429,0.42985,Vietnam,326748,Niger,1181195
4430,0.42986,Laos,228233,Kenya,592055
4431,0.42988,Zambia,752775,New Zealand,149472
4432,0.42989,Suriname,144934,Bangladesh,132676
4433,0.42989,Uzbekistan,447617,Uruguay,177467
4434,0.43025,Laos,228233,Bolivia,1086627
4435,0.43100,Zambia,752775,Pakistan,872782
4436,0.43113,Côte d'Ivoire,320867,Argentina,2761111
4437,0.43130,Kyrgyzstan,199486,Gabon,259500
4438,0.43150,Laos,228233,Chile,660283
4439,0.43161,Honduras,112883,Greece,107234
4440,0.43176,Germany,355533,Eritrea,122461
4441,0.43177,New Zealand,149472,Guatemala,108101
4442,0.43181,Philippines,105018,Ghana,238558
4443,0.43213,Zambia,752775,Ghana,238558
4444,0.43230,Kenya,592055,Italy,251034
4445,0.43231,Finland,331769,Algeria,2319284
4446,0.43244,Thailand,512543,S. Sudan,621325
4447,0.43246,Finland,331769,Dem. Rep. Congo,2324445
4448,0.43268,Syria,185959,Morocco,581746
4449,0.43294,Zambia,752775,Gabon,259500
4450,0.43312,Uzbekistan,447617,Sudan,1856663
4451,0.43322,Nepal,146977,Ethiopia,1127093
4452,0.43360,Zambia,752775,Namibia,822543
4453,0.43364,Russia,16530760,Gabon,259500
4454,0.43371,Sweden,441301,Iraq,437232
4455,0.43382,Papua New Guinea,399427,Angola,1237945
4456,0.43395,Kyrgyzstan,199486,Algeria,2319284
4457,0.43405,Malaysia,194612,Ghana,238558
4458,0.43405,Japan,227942,Germany,355533
4459,0.43439,Venezuela,908879,Sweden,441301
4460,0.43465,Russia,16530760,Namibia,822543
4461,0.43477,Ukraine,571764,Greece,107234
4462,0.43520,Somalia,471542,Bulgaria,112612
4463,0.43534,Papua New Guinea,399427,Algeria,2319284
4464,0.43538,Philippines,105018,Colombia,1134360
4465,0.43554,Thailand,512543,Saudi Arabia,1920589
4466,0.43571,United Kingdom,216959,Chile,660283
4467,0.43589,Philippines,105018,Mauritania,1035187
4468,0.43606,Zambia,752775,Saudi Arabia,1920589
4469,0.43632,Congo,345333,Bolivia,1086627
4470,0.43682,Mexico,1953076,Cameroon,463871
4471,0.43687,Vietnam,326748,Guinea,243939
4472,0.43719,Nepal,146977,Greece,107234
4473,0.43720,Sweden,441301,Ecuador,246415
4474,0.43722,Mexico,1953076,Burkina Faso,272627
4475,0.43730,United States of America,7930927,Somalia,471542
4476,0.43759,Malawi,119162,China,9336905
4477,0.43759,Ukraine,571764,Malaysia,194612
4478,0.43773,Uzbekistan,447617,Belarus,207560
4479,0.43776,Dem. Rep. Congo,2324445,Congo,345333
4480,0.43776,Nepal,146977,Guatemala,108101
4481,0.43798,Vietnam,326748,Peru,1291023
4482,0.43817,Uruguay,177467,New Zealand,149472
4483,0.43855,Côte d'Ivoire,320867,Congo,345333
4484,0.43878,Eritrea,122461,Australia,7601866
4485,0.43888,Papua New Guinea,399427,Botswana,579136
4486,0.43904,Mozambique,788286,Algeria,2319284
4487,0.43905,Congo,345333,Belarus,207560
4488,0.43917,Poland,313763,Kyrgyzstan,199486
4489,0.43967,Norway,312323,Afghanistan,641832
4490,0.43976,Suriname,144934,Finland,331769
4491,0.43990,Russia,16530760,Kenya,592055
4492,0.44015,Thailand,512543,Guatemala,108101
4493,0.44035,Russia,16530760,Poland,313763
4494,0.44048,Malaysia,194612,Colombia,1134360
4495,0.44057,Zambia,752775,France,538334
4496,0.44060,New Zealand,149472,India,3141579
4497,0.44061,Sweden,441301,Nigeria,907657
4498,0.44073,Zimbabwe,388993,Papua New Guinea,399427
4499,0.44077,Nigeria,907657,Malawi,119162
4500,0.44082,Kyrgyzstan,199486,Angola,1237945
4501,0.44107,Malawi,119162,Cambodia,180568
4502,0.44110,Romania,236340,Philippines,105018
4503,0.44112,Russia,16530760,France,538334
4504,0.44116,Zimbabwe,388993,Kyrgyzstan,199486
4505,0.44130,Malawi,119162,Greece,107234
4506,0.44131,Mozambique,788286,Gabon,259500
4507,0.44140,Zambia,752775,Tanzania,938765
4508,0.44150,Thailand,512543,Colombia,1134360
4509,0.44168,Egypt,1001776,Benin,116105
4510,0.44176,Malawi,119162,Ecuador,246415
4511,0.44179,Nepal,146977,Mauritania,1035187
4512,0.44189,Malawi,119162,India,3141579
4513,0.44190,Zambia,752775,Eritrea,122461
4514,0.44193,Uganda,241474,Philippines,105018
4515,0.44212,Nicaragua,128749,Laos,228233
4516,0.44219,Zambia,752775,Bulgaria,112612
4517,0.44238,Suriname,144934,Myanmar,657126
4518,0.44268,Sweden,441301,Bangladesh,132676
4519,0.44269,Mexico,1953076,Bangladesh,132676
4520,0.44274,Sudan,1856663,Laos,228233
4521,0.44293,New Zealand,149472,Bangladesh,132676
4522,0.44326,Philippines,105018,Ethiopia,1127093
4523,0.44330,Uruguay,177467,Russia,16530760
4524,0.44335,Zambia,752775,Australia,7601866
4525,0.44351,New Zealand,149472,Greece,107234
4526,0.44380,Chile,660283,Argentina,2761111
4527,0.44402,Spain,494570,Congo,345333
4528,0.44406,Thailand,512543,Brazil,8418355
4529,0.44411,Malawi,119162,Libya,1623722
4530,0.44421,Somalia,471542,Ghana,238558
4531,0.44421,Zimbabwe,388993,Congo,345333
4532,0.44422,Greece,107234,Central African Rep.,618323
4533,0.44439,Malaysia,194612,Bangladesh,132676
4534,0.44446,Philippines,105018,Nigeria,907657
4535,0.44449,Venezuela,908879,Malaysia,194612
4536,0.44466,Philippines,105018,Cambodia,180568
4537,0.44468,S. Sudan,621325,New Zealand,149472
4538,0.44482,Philippines,105018,Libya,1623722
4539,0.44496,United Kingdom,216959,Egypt,1001776
4540,0.44543,Italy,251034,Bolivia,1086627
4541,0.44563,Malawi,119162,Bangladesh,132676
4542,0.44588,United Kingdom,216959,Australia,7601866
4543,0.44588,Tanzania,938765,Malaysia,194612
4544,0.44594,Italy,251034,Australia,7601866
4545,0.44600,Yemen,448856,Norway,312323
4546,0.44604,Uruguay,177467,Italy,251034
4547,0.44660,Nepal,146977,China,9336905
4548,0.44677,Ukraine,571764,Senegal,196609
4549,0.44750,Malaysia,194612,Iceland,101819
4550,0.44755,Japan,227942,Australia,7601866
4551,0.44762,Vietnam,326748,Guyana,211023
4552,0.44772,Poland,313763,Laos,228233
4553,0.44788,Sweden,441301,Cambodia,180568
4554,0.44802,Thailand,512543,Bulgaria,112612
4555,0.44803,South Africa,1249804,Morocco,581746
4556,0.44803,Sweden,441301,Libya,1623722
4557,0.44811,Nepal,146977,Bangladesh,132676
4558,0.44813,Kyrgyzstan,199486,Botswana,579136
4559,0.44827,New Zealand,149472,Australia,7601866
4560,0.44838,Morocco,581746,Greece,107234
4561,0.44858,Poland,313763,Mozambique,788286
4562,0.44874,Poland,313763,New Zealand,149472
4563,0.44897,Suriname,144934,Argentina,2761111
4564,0.44932,Somalia,471542,Greece,107234
4565,0.44942,Uzbekistan,447617,France,538334
4566,0.44959,Mozambique,788286,Botswana,579136
4567,0.45016,Morocco,581746,Mali,1254117
4568,0.45017,Zambia,752775,Japan,227942
4569,0.45047,Uzbekistan,447617,Poland,313763
4570,0.45057,Uruguay,177467,Nepal,146977
4571,0.45059,Mozambique,788286,Angola,1237945
4572,0.45059,Sweden,441301,Brazil,8418355
4573,0.45079,New Zealand,149472,Belarus,207560
4574,0.45124,Papua New Guinea,399427,Côte d'Ivoire,320867
4575,0.45127,Zambia,752775,Poland,313763
4576,0.45132,Pakistan,872782,Greece,107234
4577,0.45152,New Zealand,149472,Kenya,592055
4578,0.45161,Sudan,1856663,Italy,251034
4579,0.45162,Niger,1181195,Greece,107234
4580,0.45165,Mauritania,1035187,Malawi,119162
4581,0.45187,Saudi Arabia,1920589,Morocco,581746
4582,0.45190,Tanzania,938765,Somalia,471542
4583,0.45216,Vietnam,326748,Paraguay,399948
4584,0.45219,United Kingdom,216959,Kenya,592055
4585,0.45225,Norway,312323,Central African Rep.,618323
4586,0.45257,Uzbekistan,447617,Nicaragua,128749
4587,0.45296,Eritrea,122461,Bolivia,1086627
4588,0.45312,Italy,251034,Belarus,207560
4589,0.45340,Nicaragua,128749,Japan,227942
4590,0.45366,Japan,227942,Bolivia,1086627
4591,0.45374,Uzbekistan,447617,Spain,494570
4592,0.45375,Malawi,119162,Ethiopia,1127093
4593,0.45396,Morocco,581746,Chad,1266562
4594,0.45413,Laos,228233,Botswana,579136
4595,0.45416,Vietnam,326748,Cameroon,463871
4596,0.45417,Malaysia,194612,Germany,355533
4597,0.45429,Sudan,1856663,New Zealand,149472
4598,0.45437,Nicaragua,128749,Eritrea,122461
4599,0.45454,Russia,16530760,Angola,1237945
4600,0.45455,United States of America,7930927,Mexico,1953076
4601,0.45460,Canada,8142222,Argentina,2761111
4602,0.45515,Zambia,752775,Somalia,471542
4603,0.45519,Norway,312323,Niger,1181195
4604,0.45519,Philippines,105018,Germany,355533
4605,0.45522,Sweden,441301,Guatemala,108101
4606,0.45523,Laos,228233,France,538334
4607,0.45533,Zimbabwe,388993,Mozambique,788286
4608,0.45534,Russia,16530760,Australia,7601866
4609,0.45575,Somalia,471542,Indonesia,528768
4610,0.45585,Senegal,196609,Kyrgyzstan,199486
4611,0.45627,Greece,107234,Afghanistan,641832
4612,0.45639,New Zealand,149472,Bolivia,1086627
4613,0.45640,Nicaragua,128749,Congo,345333
4614,0.45667,Laos,228233,Gabon,259500
4615,0.45668,Congo,345333,Algeria,2319284
4616,0.45672,Turkmenistan,470916,Canada,8142222
4617,0.45683,Sudan,1856663,Nepal,146977
4618,0.45686,Thailand,512543,Mauritania,1035187
4619,0.45701,Tajikistan,142239,Somalia,471542
4620,0.45732,Sweden,441301,Ethiopia,1127093
4621,0.45735,Poland,313763,Nepal,146977
4622,0.45749,Zambia,752775,Venezuela,908879
4623,0.45793,Finland,331769,Chile,660283
4624,0.45822,Romania,236340,Malaysia,194612
4625,0.45864,Spain,494570,Laos,228233
4626,0.45880,Congo,345333,Botswana,579136
4627,0.45902,Zambia,752775,Uruguay,177467
4628,0.45918,Mongolia,1564510,Greece,107234
4629,0.45959,Philippines,105018,Australia,7601866
4630,0.45982,Uzbekistan,447617,Dem. Rep. Congo,2324445
4631,0.45994,United States of America,7930927,Morocco,581746
4632,0.46000,Uruguay,177467,United Kingdom,216959
4633,0.46003,Nepal,146977,Australia,7601866
4634,0.46020,Tajikistan,142239,Morocco,581746
4635,0.46045,Uruguay,177467,Eritrea,122461
4636,0.46067,Zambia,752775,Spain,494570
4637,0.46080,Paraguay,399948,Greece,107234
4638,0.46082,Uganda,241474,Thailand,512543
4639,0.46088,North Korea,122582,Greece,107234
4640,0.46126,S. Sudan,621325,Nepal,146977
4641,0.46166,Uzbekistan,447617,Botswana,579136
4642,0.46188,Greece,107234,Burkina Faso,272627
4643,0.46238,Eritrea,122461,Belarus,207560
4644,0.46240,Sweden,441301,Mauritania,1035187
4645,0.46251,Japan,227942,Belarus,207560
4646,0.46259,Kyrgyzstan,199486,Côte d'Ivoire,320867
4647,0.46272,Suriname,144934,Congo,345333
4648,0.46272,Uzbekistan,447617,Gabon,259500
4649,0.46285,United Kingdom,216959,Poland,313763
4650,0.46289,Uzbekistan,447617,Angola,1237945
4651,0.46297,Morocco,581746,Bulgaria,112612
4652,0.46300,Malaysia,194612,Iraq,437232
4653,0.46307,Zambia,752775,Malawi,119162
4654,0.46310,India,3141579,Greece,107234
4655,0.46323,Thailand,512543,Nigeria,907657
4656,0.46325,Canada,8142222,Myanmar,657126
4657,0.46333,Finland,331769,Canada,8142222
4658,0.46367,Zambia,752775,Vietnam,326748
4659,0.46385,Greece,107234,Greenland,2150928
4660,0.46405,Poland,313763,Italy,251034
4661,0.46411,United Kingdom,216959,France,538334
4662,0.46418,Somalia,471542,Colombia,1134360
4663,0.46432,Nepal,146977,India,3141579
4664,0.46472,Tajikistan,142239,Canada,8142222
4665,0.46477,Uzbekistan,447617,Egypt,1001776
4666,0.46503,Thailand,512543,Romania,236340
4667,0.46510,Spain,494570,Japan,227942
4668,0.46529,Zambia,752775,Dem. Rep. Congo,2324445
4669,0.46533,Thailand,512543,Ghana,238558
4670,0.46547,Vietnam,326748,Greenland,2150928
4671,0.46554,Tanzania,938765,Philippines,105018
4672,0.46595,Norway,312323,Guinea,243939
4673,0.46595,Uganda,241474,Malaysia,194612
4674,0.46599,United Kingdom,216959,Gabon,259500
4675,0.46610,Sweden,441301,China,9336905
4676,0.46619,Mozambique,788286,Côte d'Ivoire,320867
4677,0.46621,Malawi,119162,Guatemala,108101
4678,0.46631,S. Sudan,621325,Malawi,119162
4679,0.46650,Spain,494570,Eritrea,122461
4680,0.46722,Zambia,752775,Kenya,592055
4681,0.46730,Uruguay,177467,Japan,227942
4682,0.46734,New Zealand,149472,Namibia,822543
4683,0.46751,Mali,1254117,Canada,8142222
4684,0.46751,Thailand,512543,Ethiopia,1127093
4685,0.46772,Kenya,592055,Japan,227942
4686,0.46780,Yemen,448856,Greece,107234
4687,0.46824,Vietnam,326748,United States of America,7930927
4688,0.46848,Vietnam,326748,Mali,1254117
4689,0.46870,Zimbabwe,388993,Uzbekistan,447617
4690,0.46884,Turkey,756928,Greece,107234
4691,0.46894,Malaysia,194612,India,3141579
4692,0.46905,Mexico,1953076,Iceland,101819
4693,0.46950,United Kingdom,216959,Bolivia,1086627
4694,0.46951,Kenya,592055,Eritrea,122461
4695,0.46953,Zambia,752775,Angola,1237945
4696,0.46968,Russia,16530760,Bolivia,1086627
4697,0.47014,Somalia,471542,Romania,236340
4698,0.47032,Laos,228233,Angola,1237945
4699,0.47062,Somalia,471542,Germany,355533
4700,0.47069,Nepal,146977,Kenya,592055
4701,0.47091,Thailand,512543,Libya,1623722
4702,0.47095,Nepal,146977,Belarus,207560
4703,0.47099,Uzbekistan,447617,Algeria,2319284
4704,0.47100,Vietnam,326748,Burkina Faso,272627
4705,0.47120,Malaysia,194612,Ecuador,246415
4706,0.47147,Malaysia,194612,Brazil,8418355
4707,0.47155,Italy,251034,France,538334
4708,0.47176,Sweden,441301,Sudan,1856663
4709,0.47199,Norway,312323,Cameroon,463871
4710,0.47215,Mexico,1953076,Iran,1620461
4711,0.47220,Tunisia,156035,Canada,8142222
4712,0.47239,Nicaragua,128749,Italy,251034
4713,0.47256,Senegal,196609,Peru,1291023
4714,0.47262,Zimbabwe,388993,Laos,228233
4715,0.47269,Sweden,441301,India,3141579
4716,0.47285,New Zealand,149472,Botswana,579136
4717,0.47285,New Zealand,149472,Gabon,259500
4718,0.47304,Laos,228233,Algeria,2319284
4719,0.47306,Norway,312323,Guyana,211023
4720,0.47330,Ukraine,571764,Somalia,471542
4721,0.47358,Suriname,144934,Papua New Guinea,399427
4722,0.47368,Laos,228233,Dem. Rep. Congo,2324445
4723,0.47369,Spain,494570,Philippines,105018
4724,0.47374,Russia,16530760,Dem. Rep. Congo,2324445
4725,0.47396,Morocco,581746,Ghana,238558
4726,0.47397,Uzbekistan,447617,Canada,8142222
4727,0.47402,Senegal,196609,Ecuador,246415
4728,0.47436,Russia,16530760,Belarus,207560
4729,0.47442,Peru,1291023,Norway,312323
4730,0.47450,Spain,494570,Russia,16530760
4731,0.47479,Morocco,581746,Indonesia,528768
4732,0.47492,Philippines,105018,Nicaragua,128749
4733,0.47513,Italy,251034,Botswana,579136
4734,0.47516,Russia,16530760,Côte d'Ivoire,320867
4735,0.47564,Malawi,119162,Iceland,101819
4736,0.47576,Laos,228233,Côte d'Ivoire,320867
4737,0.47584,South Africa,1249804,Mexico,1953076
4738,0.47697,Venezuela,908879,Somalia,471542
4739,0.47712,Uganda,241474,Somalia,471542
4740,0.47761,Italy,251034,Angola,1237945
4741,0.47793,Uruguay,177467,Sweden,441301
4742,0.47795,United Kingdom,216959,Belarus,207560
4743,0.47873,United Kingdom,216959,Angola,1237945
4744,0.47892,Uzbekistan,447617,Côte d'Ivoire,320867
4745,0.47908,Senegal,196609,Namibia,822543
4746,0.47936,Malawi,119162,Kenya,592055
4747,0.47967,Italy,251034,Gabon,259500
4748,0.47984,Malawi,119162,Australia,7601866
4749,0.47987,Spain,494570,Italy,251034
4750,0.47995,Nepal,146977,Bolivia,1086627
4751,0.48001,Nicaragua,128749,New Zealand,149472
4752,0.48013,Guyana,211023,Greece,107234
4753,0.48022,Nigeria,907657,Malaysia,194612
4754,0.48063,Malaysia,194612,China,9336905
4755,0.48066,Sweden,441301,Poland,313763
4756,0.48082,Uruguay,177467,Malawi,119162
4757,0.48103,New Zealand,149472,France,538334
4758,0.48112,Philippines,105018,Bolivia,1086627
4759,0.48122,Nepal,146977,Gabon,259500
4760,0.48137,Sweden,441301,S. Sudan,621325
4761,0.48155,Tanzania,938765,Morocco,581746
4762,0.48179,Japan,227942,Dem. Rep. Congo,2324445
4763,0.48228,Zambia,752775,Nicaragua,128749
4764,0.48236,Vietnam,326748,Iran,1620461
4765,0.48255,Senegal,196609,Mali,1254117
4766,0.48259,Sudan,1856663,Eritrea,122461
4767,0.48267,Zambia,752775,Côte d'Ivoire,320867
4768,0.48271,Thailand,512543,Cambodia,180568
4769,0.48297,Japan,227942,Botswana,579136
4770,0.48391,Guinea,243939,Canada,8142222
4771,0.48432,Ukraine,571764,Mexico,1953076
4772,0.48449,Zambia,752775,Morocco,581746
4773,0.48449,Russia,16530760,Nicaragua,128749
4774,0.48450,Chile,660283,Myanmar,657126
4775,0.48463,India,3141579,Canada,8142222
4776,0.48468,South Africa,1249804,Greece,107234
4777,0.48471,Zimbabwe,388993,Russia,16530760
4778,0.48542,Somaliland,167804,Canada,8142222
4779,0.48547,Suriname,144934,Kyrgyzstan,199486
4780,0.48563,Malawi,119162,Belarus,207560
4781,0.48591,Eritrea,122461,Botswana,579136
4782,0.48592,Malaysia,194612,Libya,1623722
4783,0.48632,Syria,185959,Mexico,1953076
4784,0.48655,Namibia,822543,Malawi,119162
4785,0.48718,Greece,107234,Chile,660283
4786,0.48733,Malawi,119162,Bolivia,1086627
4787,0.48733,Philippines,105018,Dem. Rep. Congo,2324445
4788,0.48737,United Kingdom,216959,Dem. Rep. Congo,2324445
4789,0.48747,United Kingdom,216959,Spain,494570
4790,0.48750,Sudan,1856663,Philippines,105018
4791,0.48751,Zimbabwe,388993,Italy,251034
4792,0.48772,Italy,251034,Dem. Rep. Congo,2324445
4793,0.48799,Suriname,144934,Mozambique,788286
4794,0.48829,United Kingdom,216959,Nicaragua,128749
4795,0.48832,Eritrea,122461,Dem. Rep. Congo,2324445
4796,0.48839,Egypt,1001776,Canada,8142222
4797,0.48842,Malaysia,194612,Cambodia,180568
4798,0.48849,Guatemala,108101,Greece,107234
4799,0.48887,Somalia,471542,Iceland,101819
4800,0.48919,Thailand,512543,Tanzania,938765
4801,0.48967,Thailand,512543,Germany,355533
4802,0.48969,Russia,16530760,Algeria,2319284
4803,0.49016,Zambia,752775,Algeria,2319284
4804,0.49040,Poland,313763,Eritrea,122461
4805,0.49064,Uruguay,177467,Philippines,105018
4806,0.49101,Somalia,471542,Iraq,437232
4807,0.49102,South Africa,1249804,Canada,8142222
4808,0.49106,New Zealand,149472,Angola,1237945
4809,0.49110,Sweden,441301,Kenya,592055
4810,0.49115,Senegal,196609,India,3141579
4811,0.49133,New Zealand,149472,Côte d'Ivoire,320867
4812,0.49134,Philippines,105018,Egypt,1001776
4813,0.49137,Malaysia,194612,Guatemala,108101
4814,0.49156,Nepal,146977,Namibia,822543
4815,0.49220,Nepal,146977,France,538334
4816,0.49229,Vietnam,326748,Bangladesh,132676
4817,0.49230,Zimbabwe,388993,New Zealand,149472
4818,0.49233,Zambia,752775,Belarus,207560
4819,0.49236,Chile,660283,Benin,116105
4820,0.49278,Paraguay,399948,Norway,312323
4821,0.49280,Sudan,1856663,Japan,227942
4822,0.49294,Venezuela,908879,Morocco,581746
4823,0.49303,Madagascar,592372,Chile,660283
4824,0.49340,Zimbabwe,388993,Zambia,752775
4825,0.49367,Greece,107234,Ecuador,246415
4826,0.49372,Sweden,441301,Australia,7601866
4827,0.49382,Mauritania,1035187,Malaysia,194612
4828,0.49407,Italy,251034,Côte d'Ivoire,320867
4829,0.49412,Suriname,144934,Russia,16530760
4830,0.49423,Thailand,512543,Egypt,1001776
4831,0.49447,Ecuador,246415,Canada,8142222
4832,0.49468,Thailand,512543,Spain,494570
4833,0.49545,Zambia,752775,Bolivia,1086627
4834,0.49548,Somalia,471542,Bangladesh,132676
4835,0.49550,Niger,1181195,Canada,8142222
4836,0.49575,Russia,16530760,Botswana,579136
4837,0.49608,Suriname,144934,Laos,228233
4838,0.49611,Senegal,196609,Guatemala,108101
4839,0.49633,Malaysia,194612,Ethiopia,1127093
4840,0.49644,Norway,312323,Greenland,2150928
4841,0.49645,S. Sudan,621325,Senegal,196609
4842,0.49663,Nepal,146977,Botswana,579136
4843,0.49667,Papua New Guinea,399427,Chile,660283
4844,0.49690,Vietnam,326748,Syria,185959
4845,0.49709,United Kingdom,216959,Côte d'Ivoire,320867
4846,0.49714,Philippines,105018,Kenya,592055
4847,0.49726,United States of America,7930927,Norway,312323
4848,0.49726,Italy,251034,Algeria,2319284
4849,0.49740,Romania,236340,Morocco,581746
4850,0.49743,Poland,313763,Malawi,119162
4851,0.49755,Poland,313763,Japan,227942
4852,0.49760,Sweden,441301,Gabon,259500
4853,0.49763,Uzbekistan,447617,Suriname,144934
4854,0.49763,Morocco,581746,Germany,355533
4855,0.49766,Greece,107234,China,9336905
4856,0.49784,Somalia,471542,Brazil,8418355
4857,0.49791,Canada,8142222,Afghanistan,641832
4858,0.49807,Japan,227942,France,538334
4859,0.49813,United Kingdom,216959,Botswana,579136
4860,0.49822,Philippines,105018,Belarus,207560
4861,0.49854,Madagascar,592372,Canada,8142222
4862,0.49869,Sudan,1856663,Malawi,119162
4863,0.49881,Vietnam,326748,Tajikistan,142239
4864,0.49910,Namibia,822543,Greece,107234
4865,0.49914,France,538334,Eritrea,122461
4866,0.49951,Norway,312323,Burkina Faso,272627
4867,0.49966,Morocco,581746,Colombia,1134360
4868,0.49987,Zimbabwe,388993,United Kingdom,216959
4869,0.50026,Sweden,441301,Belarus,207560
4870,0.50033,Ukraine,571764,Morocco,581746
4871,0.50034,Nicaragua,128749,Nepal,146977
4872,0.50057,Oman,308916,Canada,8142222
4873,0.50081,Somalia,471542,Ecuador,246415
4874,0.50111,Morocco,581746,Iceland,101819
4875,0.50115,Thailand,512543,Dem. Rep. Congo,2324445
4876,0.50124,Japan,227942,Algeria,2319284
4877,0.50206,Nepal,146977,Côte d'Ivoire,320867
4878,0.50213,Mexico,1953076,Chad,1266562
4879,0.50232,Somalia,471542,Libya,1623722
4880,0.50232,Mexico,1953076,Canada,8142222
4881,0.50239,Somalia,471542,Nigeria,907657
4882,0.50244,Honduras,112883,Canada,8142222
4883,0.50257,Eritrea,122461,Algeria,2319284
4884,0.50335,Zimbabwe,388993,Eritrea,122461
4885,0.50348,S. Sudan,621325,Malaysia,194612
4886,0.50351,Zimbabwe,388993,Japan,227942
4887,0.50451,Laos,228233,Egypt,1001776
4888,0.50482,New Zealand,149472,Algeria,2319284
4889,0.50500,Japan,227942,Gabon,259500
4890,0.50563,Italy,251034,Egypt,1001776
4891,0.50604,Vietnam,326748,South Africa,1249804
4892,0.50624,Nepal,146977,Angola,1237945
4893,0.50639,Thailand,512543,Bolivia,1086627
4894,0.50681,Thailand,512543,Nicaragua,128749
4895,0.50683,Senegal,196609,Dem. Rep. Congo,2324445
4896,0.50693,Spain,494570,New Zealand,149472
4897,0.50697,Senegal,196609,Papua New Guinea,399427
4898,0.50699,Suriname,144934,New Zealand,149472
4899,0.50710,Sweden,441301,Bolivia,1086627
4900,0.50722,United Kingdom,216959,Algeria,2319284
4901,0.50748,Philippines,105018,France,538334
4902,0.50751,Mongolia,1564510,Canada,8142222
4903,0.50768,Spain,494570,Senegal,196609
4904,0.50794,Somalia,471542,Cambodia,180568
4905,0.50818,Guatemala,108101,Canada,8142222
4906,0.50848,Zimbabwe,388993,Nepal,146977
4907,0.50863,Canada,8142222,Cameroon,463871
4908,0.50868,Thailand,512543,Kenya,592055
4909,0.50879,Thailand,512543,Australia,7601866
4910,0.50880,Suriname,144934,Italy,251034
4911,0.50918,Gabon,259500,Eritrea,122461
4912,0.50950,Norway,312323,Iran,1620461
4913,0.50985,Russia,16530760,Chile,660283
4914,0.50986,Norway,312323,Mali,1254117
4915,0.50993,Morocco,581746,Iraq,437232
4916,0.51008,Sweden,441301,France,538334
4917,0.51032,Indonesia,528768,Greece,107234
4918,0.51038,Thailand,512543,Sudan,1856663
4919,0.51041,Syria,185959,Greece,107234
4920,0.51041,Zambia,752775,Norway,312323
4921,0.51046,Uganda,241474,Morocco,581746
4922,0.51050,Malawi,119162,Botswana,579136
4923,0.51089,Senegal,196609,China,9336905
4924,0.51110,Poland,313763,Philippines,105018
4925,0.51229,Mexico,1953076,Indonesia,528768
4926,0.51233,Zambia,752775,Botswana,579136
4927,0.51279,Philippines,105018,Gabon,259500
4928,0.51307,Uruguay,177467,Thailand,512543
4929,0.51352,Zambia,752775,Suriname,144934
4930,0.51360,Malawi,119162,France,538334
4931,0.51459,Sweden,441301,Namibia,822543
4932,0.51466,Turkey,756928,Chile,660283
4933,0.51483,Japan,227942,Angola,1237945
4934,0.51503,Philippines,105018,Botswana,579136
4935,0.51512,Saudi Arabia,1920589,Mexico,1953076
4936,0.51615,Tajikistan,142239,Senegal,196609
4937,0.51628,Mexico,1953076,Bulgaria,112612
4938,0.51670,Somalia,471542,Ethiopia,1127093
4939,0.51713,Eritrea,122461,Angola,1237945
4940,0.51730,Syria,185959,Norway,312323
4941,0.51737,Namibia,822543,Malaysia,194612
4942,0.51775,Mozambique,788286,Chile,660283
4943,0.51780,Senegal,196609,Congo,345333
4944,0.51851,Somalia,471542,China,9336905
4945,0.51875,Malawi,119162,Gabon,259500
4946,0.51896,Honduras,112883,Chile,660283
4947,0.51994,Nicaragua,128749,Malawi,119162
4948,0.52028,Nepal,146977,Algeria,2319284
4949,0.52032,Suriname,144934,Nepal,146977
4950,0.52048,Morocco,581746,Brazil,8418355
4951,0.52086,New Zealand,149472,Dem. Rep. Congo,2324445
4952,0.52107,Eritrea,122461,Côte d'Ivoire,320867
4953,0.52115,Mexico,1953076,Ghana,238558
4954,0.52128,Somalia,471542,Mauritania,1035187
4955,0.52166,Sweden,441301,Canada,8142222
4956,0.52205,Philippines,105018,Algeria,2319284
4957,0.52220,Mexico,1953076,Colombia,1134360
4958,0.52260,Japan,227942,Côte d'Ivoire,320867
4959,0.52270,Iran,1620461,Greece,107234
4960,0.52313,Malawi,119162,Angola,1237945
4961,0.52327,Greece,107234,Brazil,8418355
4962,0.52349,Morocco,581746,Bangladesh,132676
4963,0.52352,United Kingdom,216959,Suriname,144934
4964,0.52353,Sweden,441301,Côte d'Ivoire,320867
4965,0.52357,Somalia,471542,India,3141579
4966,0.52370,Vietnam,326748,Iceland,101819
4967,0.52416,Sweden,441301,Angola,1237945
4968,0.52453,Spain,494570,Nepal,146977
4969,0.52472,Malaysia,194612,Kenya,592055
4970,0.52484,Sweden,441301,Botswana,579136
4971,0.52503,Congo,345333,Chile,660283
4972,0.52519,Uruguay,177467,Malaysia,194612
4973,0.52552,Vietnam,326748,Ukraine,571764
4974,0.52567,Zimbabwe,388993,Malawi,119162
4975,0.52574,Morocco,581746,Ecuador,246415
4976,0.52613,Canada,8142222,Burkina Faso,272627
4977,0.52626,Mexico,1953076,Guatemala,108101
4978,0.52649,Sudan,1856663,Malaysia,194612
4979,0.52652,Tunisia,156035,Chile,660283
4980,0.52710,Malaysia,194612,Australia,7601866
4981,0.52731,Somalia,471542,Guatemala,108101
4982,0.52742,Zimbabwe,388993,Philippines,105018
4983,0.52744,Thailand,512543,France,538334
4984,0.52773,Iraq,437232,Greece,107234
4985,0.52785,Thailand,512543,Belarus,207560
4986,0.52813,Greece,107234,Chad,1266562
4987,0.52846,Senegal,196609,Russia,16530760
4988,0.52880,Italy,251034,Canada,8142222
4989,0.52907,Sweden,441301,Nicaragua,128749
4990,0.52926,Malawi,119162,Côte d'Ivoire,320867
4991,0.52937,Nigeria,907657,Morocco,581746
4992,0.52992,Sudan,1856663,Senegal,196609
4993,0.53005,Morocco,581746,Cambodia,180568
4994,0.53085,Kyrgyzstan,199486,Chile,660283
4995,0.53110,China,9336905,Canada,8142222
4996,0.53113,Mexico,1953076,India,3141579
4997,0.53117,Zimbabwe,388993,Sweden,441301
4998,0.53145,Philippines,105018,Angola,1237945
4999,0.53201,Eritrea,122461,Egypt,1001776
5000,0.53242,Morocco,581746,Libya,1623722
5001,0.53244,Central African Rep.,618323,Canada,8142222
5002,0.53261,Laos,228233,Canada,8142222
5003,0.53294,S. Sudan,621325,Greece,107234
5004,0.53341,Thailand,512543,Gabon,259500
5005,0.53413,Japan,227942,Egypt,1001776
5006,0.53450,S. Sudan,621325,Somalia,471542
5007,0.53522,Malawi,119162,Algeria,2319284
5008,0.53536,Morocco,581746,China,9336905
5009,0.53552,Venezuela,908879,Greece,107234
5010,0.53586,Mexico,1953076,Germany,355533
5011,0.53595,Vietnam,326748,Saudi Arabia,1920589
5012,0.53622,Spain,494570,Malawi,119162
5013,0.53627,Thailand,512543,Poland,313763
5014,0.53639,Malaysia,194612,Belarus,207560
5015,0.53650,Suriname,144934,Japan,227942
5016,0.53668,Malaysia,194612,Canada,8142222
5017,0.53688,Morocco,581746,India,3141579
5018,0.53692,North Korea,122582,Chile,660283
5019,0.53726,Norway,312323,Bangladesh,132676
5020,0.53731,Namibia,822543,Canada,8142222
5021,0.53748,Uruguay,177467,Somalia,471542
5022,0.53750,Japan,227942,Canada,8142222
5023,0.53794,Malaysia,194612,Bolivia,1086627
5024,0.53801,New Zealand,149472,Egypt,1001776
5025,0.53845,Mexico,1953076,Ecuador,246415
5026,0.53847,Poland,313763,Malaysia,194612
5027,0.53881,Nepal,146977,Dem. Rep. Congo,2324445
5028,0.53900,Suriname,144934,Eritrea,122461
5029,0.53902,Mexico,1953076,Brazil,8418355
5030,0.53905,Nepal,146977,Egypt,1001776
5031,0.53961,Vietnam,326748,Bulgaria,112612
5032,0.53976,Sweden,441301,Egypt,1001776
5033,0.54003,Thailand,512543,Botswana,579136
5034,0.54029,Vietnam,326748,Chad,1266562
5035,0.54080,South Africa,1249804,Norway,312323
5036,0.54198,Sweden,441301,Suriname,144934
5037,0.54208,Morocco,581746,Ethiopia,1127093
5038,0.54294,Senegal,196609,Iraq,437232
5039,0.54300,Suriname,144934,Malawi,119162
5040,0.54306,Senegal,196609,Mozambique,788286
5041,0.54315,South Africa,1249804,Senegal,196609
5042,0.54316,Vietnam,326748,Canada,8142222
5043,0.54332,Greece,107234,Colombia,1134360
5044,0.54333,Thailand,512543,Algeria,2319284
5045,0.54368,Philippines,105018,Côte d'Ivoire,320867
5046,0.54372,Morocco,581746,Mauritania,1035187
5047,0.54378,Sudan,1856663,Somalia,471542
5048,0.54380,Somalia,471542,Kenya,592055
5049,0.54387,Uganda,241474,Mexico,1953076
5050,0.54406,Morocco,581746,Guatemala,108101
5051,0.54428,Tajikistan,142239,Norway,312323
5052,0.54467,Thailand,512543,Angola,1237945
5053,0.54468,Zimbabwe,388993,Thailand,512543
5054,0.54500,Senegal,196609,Greece,107234
5055,0.54515,Somaliland,167804,Chile,660283
5056,0.54548,Sweden,441301,Algeria,2319284
5057,0.54580,Eritrea,122461,Canada,8142222
5058,0.54580,Vietnam,326748,Indonesia,528768
5059,0.54626,Malawi,119162,Dem. Rep. Congo,2324445
5060,0.54643,S. Sudan,621325,Canada,8142222
5061,0.54734,Venezuela,908879,Mexico,1953076
5062,0.54745,Mexico,1953076,Iraq,437232
5063,0.54773,Turkey,756928,Canada,8142222
5064,0.54777,Mongolia,1564510,Chile,660283
5065,0.54838,Senegal,196609,France,538334
5066,0.54863,Somalia,471542,Poland,313763
5067,0.54886,Mexico,1953076,China,9336905
5068,0.54909,Vietnam,326748,Colombia,1134360
5069,0.55017,Sweden,441301,Spain,494570
5070,0.55062,Saudi Arabia,1920589,Greece,107234
5071,0.55085,Senegal,196609,Ethiopia,1127093
5072,0.55118,Pakistan,872782,Chile,660283
5073,0.55146,Tanzania,938765,Mexico,1953076
5074,0.55174,Malaysia,194612,Gabon,259500
5075,0.55195,Romania,236340,Mexico,1953076
5076,0.55211,Malaysia,194612,France,538334
5077,0.55212,Greece,107234,Bulgaria,112612
5078,0.55216,Senegal,196609,Brazil,8418355
5079,0.55222,Somalia,471542,Australia,7601866
5080,0.55233,Greece,107234,Egypt,1001776
5081,0.55236,Senegal,196609,Libya,1623722
5082,0.55343,Libya,1623722,Greece,107234
5083,0.55409,Iraq,437232,Canada,8142222
5084,0.55441,Vietnam,326748,Ghana,238558
5085,0.55472,Vietnam,326748,Venezuela,908879
5086,0.55524,Canada,8142222,Benin,116105
5087,0.55553,Senegal,196609,Mauritania,1035187
5088,0.55554,Somalia,471542,Namibia,822543
5089,0.55576,Paraguay,399948,Canada,8142222
5090,0.55615,Somalia,471542,Belarus,207560
5091,0.55635,Yemen,448856,Canada,8142222
5092,0.55713,S. Sudan,621325,Morocco,581746
5093,0.55718,Thailand,512543,Senegal,196609
5094,0.55734,Sweden,441301,Dem. Rep. Congo,2324445
5095,0.55764,Turkmenistan,470916,Chile,660283
5096,0.55774,Mexico,1953076,Libya,1623722
5097,0.55796,Greece,107234,Ghana,238558
5098,0.55808,Colombia,1134360,Canada,8142222
5099,0.55863,Saudi Arabia,1920589,Norway,312323
5100,0.55938,Senegal,196609,Gabon,259500
5101,0.55961,Oman,308916,Chile,660283
5102,0.55999,Uganda,241474,Greece,107234
5103,0.56031,Somalia,471542,Bolivia,1086627
5104,0.56073,Nepal,146977,Canada,8142222
5105,0.56079,Ukraine,571764,Norway,312323
5106,0.56109,Greenland,2150928,Canada,8142222
5107,0.56159,Syria,185959,Canada,8142222
5108,0.56240,Nicaragua,128749,Malaysia,194612
5109,0.56315,Greece,107234,Germany,355533
5110,0.56321,Indonesia,528768,Canada,8142222
5111,0.56364,Malaysia,194612,Botswana,579136
5112,0.56379,Chile,660283,Afghanistan,641832
5113,0.56396,Uruguay,177467,Morocco,581746
5114,0.56398,Mauritania,1035187,Greece,107234
5115,0.56442,Norway,312323,Iceland,101819
5116,0.56464,Senegal,196609,Nigeria,907657
5117,0.56497,Malaysia,194612,Angola,1237945
5118,0.56528,Suriname,144934,Philippines,105018
5119,0.56564,Greece,107234,Ethiopia,1127093
5120,0.56595,Norway,312323,Chad,1266562
5121,0.56610,Greece,107234,Cambodia,180568
5122,0.56626,Senegal,196609,Guinea,243939
5123,0.56629,Senegal,196609,Nicaragua,128749
5124,0.56635,Norway,312323,Bulgaria,112612
5125,0.56664,Mexico,1953076,Cambodia,180568
5126,0.56710,Uganda,241474,Senegal,196609
5127,0.56714,Greece,107234,Australia,7601866
5128,0.56743,Namibia,822543,Morocco,581746
5129,0.56825,Nigeria,907657,Greece,107234
5130,0.56862,Thailand,512543,Côte d'Ivoire,320867
5131,0.56864,Malawi,119162,Egypt,1001776
5132,0.56881,Sudan,1856663,Canada,8142222
5133,0.56883,Senegal,196609,Australia,7601866
5134,0.56938,Vietnam,326748,Ecuador,246415
5135,0.56952,Morocco,581746,Australia,7601866
5136,0.56995,Norway,312323,Indonesia,528768
5137,0.56999,Vietnam,326748,India,3141579
5138,0.57022,Guyana,211023,Canada,8142222
5139,0.57036,Mauritania,1035187,Canada,8142222
5140,0.57041,Somalia,471542,Gabon,259500
5141,0.57041,Malaysia,194612,Côte d'Ivoire,320867
5142,0.57070,Senegal,196609,Angola,1237945
5143,0.57123,Nigeria,907657,Mexico,1953076
5144,0.57163,Pakistan,872782,Canada,8142222
5145,0.57176,Zimbabwe,388993,Malaysia,194612
5146,0.57241,Iran,1620461,Canada,8142222
5147,0.57290,Vietnam,326748,Uganda,241474
5148,0.57329,Chad,1266562,Canada,8142222
5149,0.57427,Vietnam,326748,China,9336905
5150,0.57478,Venezuela,908879,Norway,312323
5151,0.57488,Senegal,196609,Algeria,2319284
5152,0.57527,Senegal,196609,Burkina Faso,272627
5153,0.57558,Romania,236340,Greece,107234
5154,0.57582,Senegal,196609,Philippines,105018
5155,0.57582,Vietnam,326748,Tanzania,938765
5156,0.57583,Spain,494570,Malaysia,194612
5157,0.57599,Morocco,581746,Kenya,592055
5158,0.57622,Somalia,471542,France,538334
5159,0.57628,Senegal,196609,Indonesia,528768
5160,0.57636,Yemen,448856,Chile,660283
5161,0.57643,Senegal,196609,Colombia,1134360
5162,0.57654,Nigeria,907657,Canada,8142222
5163,0.57694,Morocco,581746,Belarus,207560
5164,0.57744,Mexico,1953076,Ethiopia,1127093
5165,0.57750,Sudan,1856663,Morocco,581746
5166,0.57754,Vietnam,326748,Romania,236340
5167,0.57843,Morocco,581746,Bolivia,1086627
5168,0.57862,Vietnam,326748,Brazil,8418355
5169,0.57868,Poland,313763,Morocco,581746
5170,0.57897,Namibia,822543,Mexico,1953076
5171,0.57920,Senegal,196609,Cambodia,180568
5172,0.58010,Somaliland,167804,Senegal,196609
5173,0.58014,Uganda,241474,Canada,8142222
5174,0.58027,Senegal,196609,Cameroon,463871
5175,0.58029,Mexico,1953076,Mauritania,1035187
5176,0.58068,Norway,312323,Colombia,1134360
5177,0.58070,North Korea,122582,Canada,8142222
5178,0.58082,Somalia,471542,Botswana,579136
5179,0.58084,Senegal,196609,Oman,308916
5180,0.58106,Thailand,512543,Suriname,144934
5181,0.58111,S. Sudan,621325,Mexico,1953076
5182,0.58132,Vietnam,326748,Iraq,437232
5183,0.58145,New Zealand,149472,Canada,8142222
5184,0.58152,Malaysia,194612,Algeria,2319284
5185,0.58155,Ethiopia,1127093,Canada,8142222
5186,0.58192,Senegal,196609,Niger,1181195
5187,0.58222,Venezuela,908879,Canada,8142222
5188,0.58255,Chile,660283,Cameroon,463871
5189,0.58278,Canada,8142222,Brazil,8418355
5190,0.58290,Malaysia,194612,Egypt,1001776
5191,0.58302,Malaysia,194612,Dem. Rep. Congo,2324445
5192,0.58342,Norway,312323,Ghana,238558
5193,0.58383,Mexico,1953076,Australia,7601866
5194,0.58404,Senegal,196609,Kenya,592055
5195,0.58420,Norway,312323,Canada,8142222
5196,0.58508,Somalia,471542,Angola,1237945
5197,0.58518,Vietnam,326748,Germany,355533
5198,0.58570,Spain,494570,Greece,107234
5199,0.58570,Sudan,1856663,Greece,107234
5200,0.58572,Niger,1181195,Chile,660283
5201,0.58719,Somalia,471542,Canada,8142222
5202,0.58731,Somalia,471542,Nicaragua,128749
5203,0.58757,Suriname,144934,Malaysia,194612
5204,0.58851,Chile,660283,Central African Rep.,618323
5205,0.58935,Peru,1291023,Chile,660283
5206,0.58954,Somalia,471542,Côte d'Ivoire,320867
5207,0.58973,Libya,1623722,Canada,8142222
5208,0.58982,Guinea,243939,Chile,660283
5209,0.59043,Dem. Rep. Congo,2324445,Canada,8142222
5210,0.59075,Zimbabwe,388993,Somalia,471542
5211,0.59092,Zimbabwe,388993,Senegal,196609
5212,0.59124,Senegal,196609,Poland,313763
5213,0.59128,Turkmenistan,470916,Senegal,196609
5214,0.59155,United Kingdom,216959,Senegal,196609
5215,0.59206,Uruguay,177467,Senegal,196609
5216,0.59252,Vietnam,326748,Libya,1623722
5217,0.59384,Germany,355533,Canada,8142222
5218,0.59412,Norway,312323,India,3141579
5219,0.59521,Syria,185959,Senegal,196609
5220,0.59546,Tanzania,938765,Greece,107234
5221,0.59563,Spain,494570,Canada,8142222
5222,0.59643,Venezuela,908879,Senegal,196609
5223,0.59710,Vietnam,326748,Namibia,822543
5224,0.59713,Norway,312323,China,9336905
5225,0.59733,Gabon,259500,Canada,8142222
5226,0.59762,Canada,8142222,Cambodia,180568
5227,0.59870,Guyana,211023,Chile,660283
5228,0.59899,Senegal,196609,Côte d'Ivoire,320867
5229,0.59913,Norway,312323,Ecuador,246415
5230,0.59956,Tanzania,938765,Norway,312323
5231,0.59968,Sudan,1856663,Mexico,1953076
5232,0.59970,Vietnam,326748,S. Sudan,621325
5233,0.60063,Morocco,581746,Gabon,259500
5234,0.60087,Vietnam,326748,Nigeria,907657
5235,0.60139,Morocco,581746,Botswana,579136
5236,0.60177,Romania,236340,Canada,8142222
5237,0.60185,Malawi,119162,Canada,8142222
5238,0.60211,Nicaragua,128749,Morocco,581746
5239,0.60296,Greece,107234,Dem. Rep. Congo,2324445
5240,0.60317,France,538334,Canada,8142222
5241,0.60371,Romania,236340,Norway,312323
5242,0.60377,Nicaragua,128749,Greece,107234
5243,0.60399,Greece,107234,France,538334
5244,0.60402,Senegal,196609,Myanmar,657126
5245,0.60422,Suriname,144934,Somalia,471542
5246,0.60460,Senegal,196609,Chad,1266562
5247,0.60461,Uganda,241474,Norway,312323
5248,0.60488,Spain,494570,Somalia,471542
5249,0.60492,Somalia,471542,Algeria,2319284
5250,0.60509,Senegal,196609,Bolivia,1086627
5251,0.60530,Norway,312323,Iraq,437232
5252,0.60543,Saudi Arabia,1920589,Canada,8142222
5253,0.60549,Senegal,196609,Central African Rep.,618323
5254,0.60565,Morocco,581746,France,538334
5255,0.60607,Senegal,196609,Romania,236340
5256,0.60618,Morocco,581746,Canada,8142222
5257,0.60761,Vietnam,326748,Cambodia,180568
5258,0.60810,Vietnam,326748,Guatemala,108101
5259,0.60847,Greece,107234,Gabon,259500
5260,0.60850,Vietnam,326748,Mauritania,1035187
5261,0.60947,Vietnam,326748,Ethiopia,1127093
5262,0.61009,Canada,8142222,Bulgaria,112612
5263,0.61068,Norway,312323,Brazil,8418355
5264,0.61070,Mexico,1953076,Kenya,592055
5265,0.61238,Ghana,238558,Canada,8142222
5266,0.61299,Senegal,196609,Afghanistan,641832
5267,0.61402,Canada,8142222,Australia,7601866
5268,0.61407,Somalia,471542,Egypt,1001776
5269,0.61553,Kenya,592055,Greece,107234
5270,0.61617,Zimbabwe,388993,Morocco,581746
5271,0.61647,Somalia,471542,Dem. Rep. Congo,2324445
5272,0.61662,Senegal,196609,Honduras,112883
5273,0.61685,Zambia,752775,Chile,660283
5274,0.61694,Norway,312323,Germany,355533
5275,0.61805,Uruguay,177467,Greece,107234
5276,0.61809,Mexico,1953076,Gabon,259500
5277,0.61831,Senegal,196609,Germany,355533
5278,0.61833,Senegal,196609,Iran,1620461
5279,0.61846,United States of America,7930927,Chile,660283
5280,0.61852,Morocco,581746,Côte d'Ivoire,320867
5281,0.61860,Senegal,196609,Belarus,207560
5282,0.61873,Uruguay,177467,Mexico,1953076
5283,0.61908,Norway,312323,Namibia,822543
5284,0.61914,Morocco,581746,Angola,1237945
5285,0.61935,Senegal,196609,Mongolia,1564510
5286,0.62080,Suriname,144934,Senegal,196609
5287,0.62159,Paraguay,399948,Chile,660283
5288,0.62170,Mexico,1953076,France,538334
5289,0.62178,Tanzania,938765,Canada,8142222
5290,0.62196,S. Sudan,621325,Norway,312323
5291,0.62197,Senegal,196609,Ghana,238558
5292,0.62198,Poland,313763,Mexico,1953076
5293,0.62226,Nicaragua,128749,Canada,8142222
5294,0.62348,Senegal,196609,Botswana,579136
5295,0.62352,Greenland,2150928,Chile,660283
5296,0.62397,Greece,107234,Bolivia,1086627
5297,0.62411,Spain,494570,Morocco,581746
5298,0.62484,Mexico,1953076,Egypt,1001776
5299,0.62491,Norway,312323,Libya,1623722
5300,0.62537,Norway,312323,Nigeria,907657
5301,0.62560,Kenya,592055,Canada,8142222
5302,0.62591,Greece,107234,Belarus,207560
5303,0.62597,Canada,8142222,Angola,1237945
5304,0.62630,Tunisia,156035,Senegal,196609
5305,0.62639,Poland,313763,Canada,8142222
5306,0.62719,Morocco,581746,Algeria,2319284
5307,0.62760,Mexico,1953076,Belarus,207560
5308,0.62763,Senegal,196609,Saudi Arabia,1920589
5309,0.62770,Poland,313763,Greece,107234
5310,0.62784,Uruguay,177467,Canada,8142222
5311,0.62839,Senegal,196609,Bulgaria,112612
5312,0.62914,Senegal,196609,Argentina,2761111
5313,0.62970,Senegal,196609,Finland,331769
5314,0.63037,Senegal,196609,Paraguay,399948
5315,0.63076,Senegal,196609,Greenland,2150928
5316,0.63160,Greece,107234,Angola,1237945
5317,0.63284,Norway,312323,Mauritania,1035187
5318,0.63309,Suriname,144934,Morocco,581746
5319,0.63407,Mexico,1953076,Bolivia,1086627
5320,0.63488,Norway,312323,Cambodia,180568
5321,0.63508,Chile,660283,Burkina Faso,272627
5322,0.63582,Norway,312323,Ethiopia,1127093
5323,0.63598,Vietnam,326748,Kenya,592055
5324,0.63657,Morocco,581746,Dem. Rep. Congo,2324445
5325,0.63870,Nicaragua,128749,Mexico,1953076
5326,0.63917,Canada,8142222,Algeria,2319284
5327,0.63937,Spain,494570,Mexico,1953076
5328,0.63952,Mexico,1953076,Angola,1237945
5329,0.63957,Greece,107234,Algeria,2319284
5330,0.63962,Senegal,196609,Madagascar,592372
5331,0.63970,Uzbekistan,447617,Senegal,196609
5332,0.64118,Canada,8142222,Bolivia,1086627
5333,0.64180,Vietnam,326748,Sudan,1856663
5334,0.64232,Vietnam,326748,Uruguay,177467
5335,0.64500,Vietnam,326748,Australia,7601866
5336,0.64546,Norway,312323,Guatemala,108101
5337,0.64639,Chile,660283,Canada,8142222
5338,0.64659,Côte d'Ivoire,320867,Canada,8142222
5339,0.64744,Greece,107234,Côte d'Ivoire,320867
5340,0.64813,Zimbabwe,388993,Canada,8142222
5341,0.64815,Tajikistan,142239,Chile,660283
5342,0.64908,Morocco,581746,Egypt,1001776
5343,0.64950,Mali,1254117,Chile,660283
5344,0.64988,Tanzania,938765,Senegal,196609
5345,0.65023,Canada,8142222,Belarus,207560
5346,0.65103,Yemen,448856,Senegal,196609
5347,0.65173,Greece,107234,Botswana,579136
5348,0.65238,Mexico,1953076,Côte d'Ivoire,320867
5349,0.65308,Mexico,1953076,Botswana,579136
5350,0.65340,Zimbabwe,388993,Greece,107234
5351,0.65536,Mexico,1953076,Dem. Rep. Congo,2324445
5352,0.65648,Iran,1620461,Chile,660283
5353,0.65666,Syria,185959,Chile,660283
5354,0.65694,Vietnam,326748,Bolivia,1086627
5355,0.65770,Vietnam,326748,Poland,313763
5356,0.65771,Iceland,101819,Chile,660283
5357,0.66088,Vietnam,326748,Belarus,207560
5358,0.66323,Zimbabwe,388993,Mexico,1953076
5359,0.66360,Norway,312323,Kenya,592055
5360,0.66442,Mexico,1953076,Algeria,2319284
5361,0.66538,Chile,660283,Bangladesh,132676
5362,0.66662,Uruguay,177467,Norway,312323
5363,0.66731,Senegal,196609,Pakistan,872782
5364,0.66776,Canada,8142222,Botswana,579136
5365,0.66865,Vietnam,326748,France,538334
5366,0.66932,Vietnam,326748,Gabon,259500
5367,0.66941,Vietnam,326748,Egypt,1001776
5368,0.67220,Sudan,1856663,Norway,312323
5369,0.67380,Suriname,144934,Canada,8142222
5370,0.67454,South Africa,1249804,Chile,660283
5371,0.67515,Norway,312323,Bolivia,1086627
5372,0.67694,Vietnam,326748,Angola,1237945
5373,0.67703,Norway,312323,Australia,7601866
5374,0.67711,Suriname,144934,Mexico,1953076
5375,0.67759,Vietnam,326748,Nicaragua,128749
5376,0.67765,Vietnam,326748,Spain,494570
5377,0.68007,Suriname,144934,Greece,107234
5378,0.68148,Vietnam,326748,Botswana,579136
5379,0.68326,Senegal,196609,Guyana,211023
5380,0.68370,Senegal,196609,Benin,116105
5381,0.68568,Norway,312323,Belarus,207560
5382,0.68662,Poland,313763,Norway,312323
5383,0.68708,Turkey,756928,Senegal,196609
5384,0.68744,Senegal,196609,Eritrea,122461
5385,0.68845,Senegal,196609,North Korea,122582
5386,0.69035,Vietnam,326748,Dem. Rep. Congo,2324445
5387,0.69072,Zimbabwe,388993,Vietnam,326748
5388,0.69147,Ukraine,571764,Chile,660283
5389,0.69296,Senegal,196609,Japan,227942
5390,0.69418,Saudi Arabia,1920589,Chile,660283
5391,0.69536,Chile,660283,Chad,1266562
5392,0.69641,Vietnam,326748,Côte d'Ivoire,320867
5393,0.69875,Venezuela,908879,Chile,660283
5394,0.69902,Senegal,196609,Italy,251034
5395,0.69950,Indonesia,528768,Chile,660283
5396,0.70055,Vietnam,326748,Algeria,2319284
5397,0.70089,Norway,312323,France,538334
5398,0.70225,Senegal,196609,Laos,228233
5399,0.70243,Norway,312323,Nicaragua,128749
5400,0.70490,Norway,312323,Gabon,259500
5401,0.70494,Norway,312323,Botswana,579136
5402,0.70565,Chile,660283,Bulgaria,112612
5403,0.70569,Norway,312323,Egypt,1001776
5404,0.70698,Spain,494570,Norway,312323
5405,0.70954,Norway,312323,Angola,1237945
5406,0.71307,Zimbabwe,388993,Norway,312323
5407,0.71359,Vietnam,326748,Suriname,144934
5408,0.71380,India,3141579,Chile,660283
5409,0.71479,Norway,312323,Dem. Rep. Congo,2324445
5410,0.72218,Ghana,238558,Chile,660283
5411,0.72559,Norway,312323,Algeria,2319284
5412,0.72657,China,9336905,Chile,660283
5413,0.72658,Norway,312323,Côte d'Ivoire,320867
5414,0.72820,Colombia,1134360,Chile,660283
5415,0.73110,Ecuador,246415,Chile,660283
5416,0.73114,Iraq,437232,Chile,660283
5417,0.73595,Sweden,441301,Senegal,196609
5418,0.73604,Tanzania,938765,Chile,660283
5419,0.73622,Namibia,822543,Chile,660283
5420,0.73903,Senegal,196609,Mexico,1953076
5421,0.73970,Romania,236340,Chile,660283
5422,0.74074,Suriname,144934,Norway,312323
5423,0.74415,Chile,660283,Brazil,8418355
5424,0.74749,Uganda,241474,Chile,660283
5425,0.74860,Senegal,196609,Nepal,146977
5426,0.75269,Germany,355533,Chile,660283
5427,0.75469,S. Sudan,621325,Chile,660283
5428,0.75910,Nigeria,907657,Chile,660283
5429,0.75999,Senegal,196609,Malaysia,194612
5430,0.76115,Senegal,196609,New Zealand,149472
5431,0.76395,Mauritania,1035187,Chile,660283
5432,0.76494,Libya,1623722,Chile,660283
5433,0.76504,Guatemala,108101,Chile,660283
5434,0.76902,Chile,660283,Cambodia,180568
5435,0.76996,Ethiopia,1127093,Chile,660283
5436,0.78158,Vietnam,326748,Senegal,196609
5437,0.78450,Senegal,196609,Malawi,119162
5438,0.80131,Uruguay,177467,Chile,660283
5439,0.80256,Somalia,471542,Senegal,196609
5440,0.80394,Chile,660283,Bolivia,1086627
5441,0.80623,Kenya,592055,Chile,660283
5442,0.80756,Sudan,1856663,Chile,660283
5443,0.80765,Chile,660283,Australia,7601866
5444,0.81677,Chile,660283,Belarus,207560
5445,0.82165,Senegal,196609,Norway,312323
5446,0.82192,Poland,313763,Chile,660283
5447,0.82350,Nicaragua,128749,Chile,660283
5448,0.82865,Senegal,196609,Morocco,581746
5449,0.83440,Spain,494570,Chile,660283
5450,0.83689,Chile,660283,Botswana,579136
5451,0.84014,France,538334,Chile,660283
5452,0.84045,Egypt,1001776,Chile,660283
5453,0.84094,Gabon,259500,Chile,660283
5454,0.84253,Dem. Rep. Congo,2324445,Chile,660283
5455,0.84706,Zimbabwe,388993,Chile,660283
5456,0.85202,Chile,660283,Angola,1237945
5457,0.85714,Chile,660283,Algeria,2319284
5458,0.86271,Côte d'Ivoire,320867,Chile,660283
5459,0.87769,Suriname,144934,Chile,660283
5460,0.91808,Senegal,196609,Chile,660283
